[
  {
    "_id": 1,
    "ToVersion": 1,
    "MigrationName": "UserVersion_0",
    "CreateDatetime": "2024-07-10T14:51:09.148+05:30",
    "UpdateDatetime": "2024-07-10T14:51:09.148+05:30"
  },
  {
    "_id": 2,
    "ToVersion": 2,
    "MigrationName": "UserVersion_1",
    "CreateDatetime": "2024-07-10T14:51:13.119+05:30",
    "UpdateDatetime": "2024-07-10T14:51:13.119+05:30"
  },
  {
    "_id": 3,
    "ToVersion": 3,
    "MigrationName": "UserVersion_2",
    "CreateDatetime": "2024-07-10T14:51:13.184+05:30",
    "UpdateDatetime": "2024-07-10T14:51:13.184+05:30"
  },
  {
    "_id": 4,
    "ToVersion": 4,
    "MigrationName": "UserVersion_3",
    "CreateDatetime": "2024-07-10T14:51:13.821+05:30",
    "UpdateDatetime": "2024-07-10T14:51:13.821+05:30"
  },
  {
    "_id": 5,
    "ToVersion": 5,
    "MigrationName": "UserVersion_4",
    "CreateDatetime": "2024-07-10T14:51:18.609+05:30",
    "UpdateDatetime": "2024-07-10T14:51:18.609+05:30"
  },
  {
    "_id": 6,
    "ToVersion": 6,
    "MigrationName": "UserVersion_5",
    "CreateDatetime": "2024-07-10T14:51:23.421+05:30",
    "UpdateDatetime": "2024-07-10T14:51:23.421+05:30"
  },
  {
    "_id": 7,
    "ToVersion": 7,
    "MigrationName": "UserVersion_6",
    "CreateDatetime": "2024-07-10T14:51:23.451+05:30",
    "UpdateDatetime": "2024-07-10T14:51:23.451+05:30"
  },
  {
    "_id": 8,
    "ToVersion": 8,
    "MigrationName": "UserVersion_7",
    "CreateDatetime": "2024-07-10T14:51:23.46+05:30",
    "UpdateDatetime": "2024-07-10T14:51:23.46+05:30"
  },
  {
    "_id": 9,
    "ToVersion": 9,
    "MigrationName": "UserVersion_8",
    "CreateDatetime": "2024-07-10T14:51:23.463+05:30",
    "UpdateDatetime": "2024-07-10T14:51:23.463+05:30"
  },
  {
    "_id": 10,
    "ToVersion": 10,
    "MigrationName": "UserVersion_9",
    "CreateDatetime": "2024-07-10T14:51:23.467+05:30",
    "UpdateDatetime": "2024-07-10T14:51:23.467+05:30"
  },
  {
    "_id": 11,
    "ToVersion": 11,
    "MigrationName": "UserVersion_10",
    "CreateDatetime": "2024-07-10T14:51:23.47+05:30",
    "UpdateDatetime": "2024-07-10T14:51:23.47+05:30"
  },
  {
    "_id": 12,
    "ToVersion": 12,
    "MigrationName": "UserVersion_11",
    "CreateDatetime": "2024-07-10T14:51:23.61+05:30",
    "UpdateDatetime": "2024-07-10T14:51:23.61+05:30"
  },
  {
    "_id": 13,
    "ToVersion": 13,
    "MigrationName": "UserVersion_12",
    "CreateDatetime": "2024-07-10T14:51:23.62+05:30",
    "UpdateDatetime": "2024-07-10T14:51:23.62+05:30"
  },
  {
    "_id": 14,
    "ToVersion": 14,
    "MigrationName": "UserVersion_13",
    "CreateDatetime": "2024-07-10T14:51:23.624+05:30",
    "UpdateDatetime": "2024-07-10T14:51:23.624+05:30"
  },
  {
    "_id": 15,
    "ToVersion": 15,
    "MigrationName": "UserVersion_14",
    "CreateDatetime": "2024-07-10T14:51:23.648+05:30",
    "UpdateDatetime": "2024-07-10T14:51:23.648+05:30"
  },
  {
    "_id": 16,
    "ToVersion": 16,
    "MigrationName": "UserVersion_15",
    "CreateDatetime": "2024-07-10T14:51:23.669+05:30",
    "UpdateDatetime": "2024-07-10T14:51:23.669+05:30"
  },
  {
    "_id": 17,
    "ToVersion": 17,
    "MigrationName": "UserVersion_16",
    "CreateDatetime": "2024-07-10T14:51:23.773+05:30",
    "UpdateDatetime": "2024-07-10T14:51:23.773+05:30"
  },
  {
    "_id": 18,
    "ToVersion": 18,
    "MigrationName": "UserVersion_17",
    "CreateDatetime": "2024-07-10T14:51:23.775+05:30",
    "UpdateDatetime": "2024-07-10T14:51:23.775+05:30"
  },
  {
    "_id": 19,
    "ToVersion": 19,
    "MigrationName": "UserVersion_18",
    "CreateDatetime": "2024-07-10T14:51:23.779+05:30",
    "UpdateDatetime": "2024-07-10T14:51:23.779+05:30"
  },
  {
    "_id": 20,
    "ToVersion": 20,
    "MigrationName": "UserVersion_19",
    "CreateDatetime": "2024-07-10T14:51:25.936+05:30",
    "UpdateDatetime": "2024-07-10T14:51:25.936+05:30"
  },
  {
    "_id": 21,
    "ToVersion": 21,
    "MigrationName": "UserVersion_20",
    "CreateDatetime": "2024-07-10T14:51:25.938+05:30",
    "UpdateDatetime": "2024-07-10T14:51:25.938+05:30"
  },
  {
    "_id": 22,
    "ToVersion": 22,
    "MigrationName": "UserVersion_21",
    "CreateDatetime": "2024-07-10T14:51:25.98+05:30",
    "UpdateDatetime": "2024-07-10T14:51:25.98+05:30"
  },
  {
    "_id": 23,
    "ToVersion": 23,
    "MigrationName": "UserVersion_22",
    "CreateDatetime": "2024-07-10T14:51:25.998+05:30",
    "UpdateDatetime": "2024-07-10T14:51:25.998+05:30"
  },
  {
    "_id": 24,
    "ToVersion": 24,
    "MigrationName": "UserVersion_23",
    "CreateDatetime": "2024-07-10T14:51:26+05:30",
    "UpdateDatetime": "2024-07-10T14:51:26+05:30"
  },
  {
    "_id": 25,
    "ToVersion": 25,
    "MigrationName": "UserVersion_24",
    "CreateDatetime": "2024-07-10T14:51:26.001+05:30",
    "UpdateDatetime": "2024-07-10T14:51:26.001+05:30"
  },
  {
    "_id": 26,
    "ToVersion": 26,
    "MigrationName": "UserVersion_25",
    "CreateDatetime": "2024-07-10T14:51:26.079+05:30",
    "UpdateDatetime": "2024-07-10T14:51:26.079+05:30"
  },
  {
    "_id": 27,
    "ToVersion": 27,
    "MigrationName": "UserVersion_26",
    "CreateDatetime": "2024-07-10T14:51:26.08+05:30",
    "UpdateDatetime": "2024-07-10T14:51:26.08+05:30"
  },
  {
    "_id": 28,
    "ToVersion": 28,
    "MigrationName": "UserVersion_27",
    "CreateDatetime": "2024-07-10T14:55:48.514+05:30",
    "UpdateDatetime": "2024-07-10T14:55:48.514+05:30"
  },
  {
    "_id": 29,
    "ToVersion": 29,
    "MigrationName": "UserVersion_28",
    "CreateDatetime": "2024-07-10T14:55:48.761+05:30",
    "UpdateDatetime": "2024-07-10T14:55:48.761+05:30"
  },
  {
    "_id": 30,
    "ToVersion": 30,
    "MigrationName": "UserVersion_29",
    "CreateDatetime": "2024-07-10T14:55:48.836+05:30",
    "UpdateDatetime": "2024-07-10T14:55:48.836+05:30"
  },
  {
    "_id": 31,
    "ToVersion": 31,
    "MigrationName": "UserVersion_30",
    "CreateDatetime": "2024-07-10T14:55:48.874+05:30",
    "UpdateDatetime": "2024-07-10T14:55:48.874+05:30"
  },
  {
    "_id": 32,
    "ToVersion": 32,
    "MigrationName": "UserVersion_31",
    "CreateDatetime": "2024-07-10T14:55:48.88+05:30",
    "UpdateDatetime": "2024-07-10T14:55:48.88+05:30"
  },
  {
    "_id": 33,
    "ToVersion": 33,
    "MigrationName": "UserVersion_32",
    "CreateDatetime": "2024-07-10T14:55:48.904+05:30",
    "UpdateDatetime": "2024-07-10T14:55:48.904+05:30"
  },
  {
    "_id": 34,
    "ToVersion": 34,
    "MigrationName": "UserVersion_33",
    "CreateDatetime": "2024-07-10T14:55:48.957+05:30",
    "UpdateDatetime": "2024-07-10T14:55:48.957+05:30"
  },
  {
    "_id": 1,
    "ToVersion": 1,
    "MigrationName": "UserVersion_0",
    "CreateDatetime": "2024-07-15T18:51:16.742+05:30",
    "UpdateDatetime": "2024-07-15T18:51:16.742+05:30"
  },
  {
    "_id": 2,
    "ToVersion": 2,
    "MigrationName": "UserVersion_1",
    "CreateDatetime": "2024-07-15T18:51:19.686+05:30",
    "UpdateDatetime": "2024-07-15T18:51:19.686+05:30"
  },
  {
    "_id": 3,
    "ToVersion": 3,
    "MigrationName": "UserVersion_2",
    "CreateDatetime": "2024-07-15T18:51:19.724+05:30",
    "UpdateDatetime": "2024-07-15T18:51:19.724+05:30"
  },
  {
    "_id": 4,
    "ToVersion": 4,
    "MigrationName": "UserVersion_3",
    "CreateDatetime": "2024-07-15T18:51:20.215+05:30",
    "UpdateDatetime": "2024-07-15T18:51:20.215+05:30"
  },
  {
    "_id": 5,
    "ToVersion": 5,
    "MigrationName": "UserVersion_4",
    "CreateDatetime": "2024-07-15T18:51:23.713+05:30",
    "UpdateDatetime": "2024-07-15T18:51:23.713+05:30"
  },
  {
    "_id": 6,
    "ToVersion": 6,
    "MigrationName": "UserVersion_5",
    "CreateDatetime": "2024-07-15T18:51:26.681+05:30",
    "UpdateDatetime": "2024-07-15T18:51:26.681+05:30"
  },
  {
    "_id": 7,
    "ToVersion": 7,
    "MigrationName": "UserVersion_6",
    "CreateDatetime": "2024-07-15T18:51:26.702+05:30",
    "UpdateDatetime": "2024-07-15T18:51:26.702+05:30"
  },
  {
    "_id": 8,
    "ToVersion": 8,
    "MigrationName": "UserVersion_7",
    "CreateDatetime": "2024-07-15T18:51:26.709+05:30",
    "UpdateDatetime": "2024-07-15T18:51:26.709+05:30"
  },
  {
    "_id": 9,
    "ToVersion": 9,
    "MigrationName": "UserVersion_8",
    "CreateDatetime": "2024-07-15T18:51:26.712+05:30",
    "UpdateDatetime": "2024-07-15T18:51:26.712+05:30"
  },
  {
    "_id": 10,
    "ToVersion": 10,
    "MigrationName": "UserVersion_9",
    "CreateDatetime": "2024-07-15T18:51:26.715+05:30",
    "UpdateDatetime": "2024-07-15T18:51:26.715+05:30"
  },
  {
    "_id": 11,
    "ToVersion": 11,
    "MigrationName": "UserVersion_10",
    "CreateDatetime": "2024-07-15T18:51:26.717+05:30",
    "UpdateDatetime": "2024-07-15T18:51:26.717+05:30"
  },
  {
    "_id": 12,
    "ToVersion": 12,
    "MigrationName": "UserVersion_11",
    "CreateDatetime": "2024-07-15T18:51:26.816+05:30",
    "UpdateDatetime": "2024-07-15T18:51:26.816+05:30"
  },
  {
    "_id": 13,
    "ToVersion": 13,
    "MigrationName": "UserVersion_12",
    "CreateDatetime": "2024-07-15T18:51:26.824+05:30",
    "UpdateDatetime": "2024-07-15T18:51:26.824+05:30"
  },
  {
    "_id": 14,
    "ToVersion": 14,
    "MigrationName": "UserVersion_13",
    "CreateDatetime": "2024-07-15T18:51:26.826+05:30",
    "UpdateDatetime": "2024-07-15T18:51:26.826+05:30"
  },
  {
    "_id": 15,
    "ToVersion": 15,
    "MigrationName": "UserVersion_14",
    "CreateDatetime": "2024-07-15T18:51:26.836+05:30",
    "UpdateDatetime": "2024-07-15T18:51:26.836+05:30"
  },
  {
    "_id": 16,
    "ToVersion": 16,
    "MigrationName": "UserVersion_15",
    "CreateDatetime": "2024-07-15T18:51:26.847+05:30",
    "UpdateDatetime": "2024-07-15T18:51:26.847+05:30"
  },
  {
    "_id": 17,
    "ToVersion": 17,
    "MigrationName": "UserVersion_16",
    "CreateDatetime": "2024-07-15T18:51:26.917+05:30",
    "UpdateDatetime": "2024-07-15T18:51:26.917+05:30"
  },
  {
    "_id": 18,
    "ToVersion": 18,
    "MigrationName": "UserVersion_17",
    "CreateDatetime": "2024-07-15T18:51:26.919+05:30",
    "UpdateDatetime": "2024-07-15T18:51:26.919+05:30"
  },
  {
    "_id": 19,
    "ToVersion": 19,
    "MigrationName": "UserVersion_18",
    "CreateDatetime": "2024-07-15T18:51:26.922+05:30",
    "UpdateDatetime": "2024-07-15T18:51:26.922+05:30"
  },
  {
    "_id": 20,
    "ToVersion": 20,
    "MigrationName": "UserVersion_19",
    "CreateDatetime": "2024-07-15T18:51:28.425+05:30",
    "UpdateDatetime": "2024-07-15T18:51:28.425+05:30"
  },
  {
    "_id": 21,
    "ToVersion": 21,
    "MigrationName": "UserVersion_20",
    "CreateDatetime": "2024-07-15T18:51:28.425+05:30",
    "UpdateDatetime": "2024-07-15T18:51:28.425+05:30"
  },
  {
    "_id": 22,
    "ToVersion": 22,
    "MigrationName": "UserVersion_21",
    "CreateDatetime": "2024-07-15T18:51:28.445+05:30",
    "UpdateDatetime": "2024-07-15T18:51:28.445+05:30"
  },
  {
    "_id": 23,
    "ToVersion": 23,
    "MigrationName": "UserVersion_22",
    "CreateDatetime": "2024-07-15T18:51:28.459+05:30",
    "UpdateDatetime": "2024-07-15T18:51:28.459+05:30"
  },
  {
    "_id": 24,
    "ToVersion": 24,
    "MigrationName": "UserVersion_23",
    "CreateDatetime": "2024-07-15T18:51:28.461+05:30",
    "UpdateDatetime": "2024-07-15T18:51:28.461+05:30"
  },
  {
    "_id": 25,
    "ToVersion": 25,
    "MigrationName": "UserVersion_24",
    "CreateDatetime": "2024-07-15T18:51:28.461+05:30",
    "UpdateDatetime": "2024-07-15T18:51:28.461+05:30"
  },
  {
    "_id": 26,
    "ToVersion": 26,
    "MigrationName": "UserVersion_25",
    "CreateDatetime": "2024-07-15T18:51:28.519+05:30",
    "UpdateDatetime": "2024-07-15T18:51:28.519+05:30"
  },
  {
    "_id": 27,
    "ToVersion": 27,
    "MigrationName": "UserVersion_26",
    "CreateDatetime": "2024-07-15T18:51:28.52+05:30",
    "UpdateDatetime": "2024-07-15T18:51:28.52+05:30"
  }
]