[
  {
    "_id": 1,
    "GamePlayerId": 1,
    "PlayerGameNickName": "Tango",
    "PlayerGameImagePath": "pack://application:,,,/resources/images/playeravatars/custom.jpg",
    "TeamStatistic": {
      "$id": 1,
      "$ref": "TeamStatisticData"
    },
    "PlayerRole": {
      "$id": 296,
      "$ref": "PlayerRoleData"
    },
    "WeaponsName": [
      "Ranger"
    ],
    "RatePoints": 0,
    "DeathsCount": 0,
    "FragsCount": 0,
    "TeammateKillsCount": 0,
    "HitsCount": 0,
    "RevivalsCount": 0,
    "DeviceCapturingsCount": 0,
    "ShotsCount": 0,
    "WoundsCount": 0,
    "TreatmentsCount": 0,
    "MaxFragSeries": 0,
    "Accuracy": 0.0,
    "Achievements": [],
    "CreateDatetime": "2024-07-10T14:57:09.234+05:30",
    "UpdateDatetime": "2024-07-10T14:57:09.234+05:30"
  },
  {
    "_id": 2,
    "GamePlayerId": 2,
    "PlayerGameNickName": "Cyborg",
    "PlayerGameImagePath": "pack://application:,,,/resources/images/playeravatars/custom.jpg",
    "TeamStatistic": {
      "$id": 1,
      "$ref": "TeamStatisticData"
    },
    "PlayerRole": {
      "$id": 296,
      "$ref": "PlayerRoleData"
    },
    "WeaponsName": [
      "Predator"
    ],
    "RatePoints": 0,
    "DeathsCount": 0,
    "FragsCount": 0,
    "TeammateKillsCount": 0,
    "HitsCount": 0,
    "RevivalsCount": 0,
    "DeviceCapturingsCount": 0,
    "ShotsCount": 0,
    "WoundsCount": 0,
    "TreatmentsCount": 0,
    "MaxFragSeries": 0,
    "Accuracy": 0.0,
    "Achievements": [],
    "CreateDatetime": "2024-07-10T14:57:09.244+05:30",
    "UpdateDatetime": "2024-07-10T14:57:09.244+05:30"
  },
  {
    "_id": 3,
    "GamePlayerId": 1,
    "PlayerGameName": null,
    "PlayerGameNickName": "Comet",
    "PlayerPhoneNumber": null,
    "PlayerGameImagePath": "pack://application:,,,/resources/images/playeravatars/custom.jpg",
    "TeamStatistic": {
      "$id": 3,
      "$ref": "TeamStatisticData"
    },
    "PlayerRole": {
      "$id": 23,
      "$ref": "PlayerRoleData"
    },
    "WeaponsName": [
      "Ranger"
    ],
    "RatePoints": 2,
    "DeathsCount": 0,
    "FragsCount": 0,
    "TeammateKillsCount": 0,
    "HitsCount": 2,
    "RevivalsCount": 0,
    "DeviceCapturingsCount": 0,
    "ShotsCount": 25,
    "WoundsCount": 0,
    "TreatmentsCount": 0,
    "MaxFragSeries": 0,
    "Accuracy": 0.08,
    "Achievements": [
      "Flash",
      "MVP",
      "Batman",
      "Sniper",
      "Unbreakable",
      "Invisible",
      "Falcon",
      "Rambo",
      "Healthy"
    ],
    "CreateDatetime": "2024-07-10T16:01:15.616+05:30",
    "UpdateDatetime": "2024-07-10T16:01:15.616+05:30"
  },
  {
    "_id": 4,
    "GamePlayerId": 2,
    "Player": {
      "$id": 1,
      "$ref": "PlayerData"
    },
    "PlayerGameName": "Anton Masko",
    "PlayerGameNickName": "ubermasko",
    "PlayerPhoneNumber": "89156535104",
    "PlayerGameImagePath": "c:\\users\\ekaterina\\appdata\\local\\laserwar\\alphatag\\avatars\\custom.jpg",
    "TeamStatistic": {
      "$id": 4,
      "$ref": "TeamStatisticData"
    },
    "PlayerRole": {
      "$id": 23,
      "$ref": "PlayerRoleData"
    },
    "WeaponsName": [
      "Predator"
    ],
    "RatePoints": 0,
    "DeathsCount": 0,
    "FragsCount": 0,
    "TeammateKillsCount": 0,
    "HitsCount": 0,
    "RevivalsCount": 0,
    "DeviceCapturingsCount": 0,
    "ShotsCount": 0,
    "WoundsCount": 2,
    "TreatmentsCount": 0,
    "MaxFragSeries": 0,
    "Accuracy": 0.0,
    "Achievements": [
      "Batman",
      "Kind",
      "EasyTarget",
      "Invisible",
      "OffTheTarget",
      "Pacifist",
      "Healthy"
    ],
    "CreateDatetime": "2024-07-10T16:01:15.63+05:30",
    "UpdateDatetime": "2024-07-10T16:01:15.63+05:30"
  },
  {
    "_id": 5,
    "GamePlayerId": 1,
    "PlayerGameName": null,
    "PlayerGameNickName": "Comet",
    "PlayerPhoneNumber": null,
    "PlayerGameImagePath": "pack://application:,,,/resources/images/playeravatars/custom.jpg",
    "TeamStatistic": {
      "$id": 5,
      "$ref": "TeamStatisticData"
    },
    "PlayerRole": {
      "$id": 298,
      "$ref": "PlayerRoleData"
    },
    "WeaponsName": [
      "Ranger"
    ],
    "RatePoints": 8,
    "DeathsCount": 0,
    "FragsCount": 1,
    "TeammateKillsCount": 0,
    "HitsCount": 5,
    "RevivalsCount": 0,
    "DeviceCapturingsCount": 0,
    "ShotsCount": 10,
    "WoundsCount": 0,
    "TreatmentsCount": 0,
    "MaxFragSeries": 1,
    "Accuracy": 0.5,
    "Achievements": [
      "Flash",
      "FirstBlood",
      "Terminator",
      "Vendetta",
      "MVP",
      "Warrior",
      "Sniper",
      "Unbreakable",
      "Invisible",
      "Falcon",
      "Rambo",
      "Pull"
    ],
    "CreateDatetime": "2024-07-10T16:04:44.34+05:30",
    "UpdateDatetime": "2024-07-10T16:04:44.34+05:30"
  },
  {
    "_id": 6,
    "GamePlayerId": 2,
    "Player": {
      "$id": 1,
      "$ref": "PlayerData"
    },
    "PlayerGameName": "Anton Masko",
    "PlayerGameNickName": "ubermasko",
    "PlayerPhoneNumber": "89156535104",
    "PlayerGameImagePath": "c:\\users\\ekaterina\\appdata\\local\\laserwar\\alphatag\\avatars\\custom.jpg",
    "TeamStatistic": {
      "$id": 6,
      "$ref": "TeamStatisticData"
    },
    "PlayerRole": {
      "$id": 298,
      "$ref": "PlayerRoleData"
    },
    "WeaponsName": [
      "Predator"
    ],
    "RatePoints": -2,
    "DeathsCount": 1,
    "FragsCount": 0,
    "TeammateKillsCount": 0,
    "HitsCount": 0,
    "RevivalsCount": 0,
    "DeviceCapturingsCount": 0,
    "ShotsCount": 0,
    "WoundsCount": 5,
    "TreatmentsCount": 0,
    "MaxFragSeries": 0,
    "Accuracy": 0.0,
    "Achievements": [
      "Brave",
      "Batman",
      "Kind",
      "EasyTarget",
      "Kamikaze",
      "OffTheTarget",
      "Pacifist"
    ],
    "CreateDatetime": "2024-07-10T16:04:44.341+05:30",
    "UpdateDatetime": "2024-07-10T16:04:44.341+05:30"
  },
  {
    "_id": 7,
    "GamePlayerId": 2,
    "Player": {
      "$id": 1,
      "$ref": "ssss"
    },
    "PlayerGameName": "Sourav",
    "PlayerGameNickName": "dj",
    "PlayerPhoneNumber": "89156535104",
    "PlayerGameImagePath": "c:\\users\\ekaterina\\appdata\\local\\laserwar\\alphatag\\avatars\\custom.jpg",
    "TeamStatistic": {
      "$id": 6,
      "$ref": "TeamStatisticData"
    },
    "PlayerRole": {
      "$id": 298,
      "$ref": "PlayerRoleData"
    },
    "WeaponsName": [
      "Predator"
    ],
    "RatePoints": -2,
    "DeathsCount": 1,
    "FragsCount": 0,
    "TeammateKillsCount": 0,
    "HitsCount": 0,
    "RevivalsCount": 0,
    "DeviceCapturingsCount": 0,
    "ShotsCount": 0,
    "WoundsCount": 5,
    "TreatmentsCount": 0,
    "MaxFragSeries": 0,
    "Accuracy": 0.0,
    "Achievements": [
      "Brave",
      "Batman",
      "Kind",
      "EasyTarget",
      "Kamikaze",
      "OffTheTarget",
      "Pacifist"
    ],
    "CreateDatetime": "2024-07-10T16:04:44.341+05:30",
    "UpdateDatetime": "2024-07-10T16:04:44.341+05:30"
  }
]