[
  {
    "_id": 1,
    "Name": "Anton Masko",
    "NickName": "ubermasko",
    "PhoneNumber": "89156535104",
    "Email": "ubermasko@gmail.com",
    "ImagePath": "custom.jpg",
    "BirthDate": "2000-01-01T02:30:00+05:30",
    "Gender": 1,
    "City": "Smolensk",
    "LastVisitDate": "2024-07-10T15:56:10.895+05:30",
    "CreateDatetime": "2024-07-10T15:44:28.958+05:30",
    "UpdateDatetime": "2024-07-10T15:56:10.896+05:30"
  },
  {
    "_id": 1,
    "Name": "sonu",
    "NickName": "DJ_sonu",
    "PhoneNumber": "33333333",
    "Email": "sonu@nexgensis.com",
    "ImagePath": "01_gordon_lw_avarars.jpg",
    "BirthDate": "2000-01-19T00:00:00+05:30",
    "Gender": 1,
    "City": "Pune",
    "LastVisitDate": "0001-01-01T00:00:00",
    "CreateDatetime": "2024-07-15T18:53:08.346+05:30",
    "UpdateDatetime": "2024-07-16T10:47:39.938+05:30"
  }
]