[
  {
    "_id": 1,
    "ImagePath": "pack://application:,,,/Resources/Images/Roles/sniper.png",
    "IsDeleted": false,
    "Code": "Sniper",
    "DisplayName": "Sniper",
    "LocalizationCode": "en-US",
    "IsSystem": true,
    "CreateDatetime": "2024-07-10T14:51:09.307+05:30",
    "UpdateDatetime": "2024-07-10T14:51:23.632+05:30"
  },
  {
    "_id": 3,
    "ImagePath": "pack://application:,,,/Resources/Images/Roles/stormtrooper.png",
    "IsDeleted": false,
    "Code": "StormTrooper",
    "DisplayName": "Storm Trooper",
    "LocalizationCode": "en-US",
    "IsSystem": true,
    "CreateDatetime": "2024-07-10T14:51:09.318+05:30",
    "UpdateDatetime": "2024-07-10T14:51:23.632+05:30"
  },
  {
    "_id": 5,
    "ImagePath": "pack://application:,,,/Resources/Images/Roles/scout.png",
    "IsDeleted": false,
    "Code": "Scout",
    "DisplayName": "Scout",
    "LocalizationCode": "en-US",
    "IsSystem": true,
    "CreateDatetime": "2024-07-10T14:51:09.319+05:30",
    "UpdateDatetime": "2024-07-10T14:51:23.632+05:30"
  },
  {
    "_id": 7,
    "ImagePath": "pack://application:,,,/Resources/Images/Roles/machinegunner.png",
    "IsDeleted": false,
    "Code": "MachineGunner",
    "DisplayName": "Machine-Gunner",
    "LocalizationCode": "en-US",
    "IsSystem": true,
    "CreateDatetime": "2024-07-10T14:51:09.319+05:30",
    "UpdateDatetime": "2024-07-10T14:51:23.632+05:30"
  },
  {
    "_id": 9,
    "ImagePath": "pack://application:,,,/Resources/Images/Roles/commander.png",
    "IsDeleted": false,
    "Code": "Commander",
    "DisplayName": "Commander",
    "LocalizationCode": "en-US",
    "IsSystem": true,
    "CreateDatetime": "2024-07-10T14:51:09.32+05:30",
    "UpdateDatetime": "2024-07-10T14:51:23.632+05:30"
  },
  {
    "_id": 11,
    "ImagePath": "pack://application:,,,/Resources/Images/Roles/engineer.png",
    "IsDeleted": false,
    "Code": "Engineer",
    "DisplayName": "Engineer",
    "LocalizationCode": "en-US",
    "IsSystem": true,
    "CreateDatetime": "2024-07-10T14:51:09.321+05:30",
    "UpdateDatetime": "2024-07-10T14:51:23.632+05:30"
  },
  {
    "_id": 13,
    "ImagePath": "pack://application:,,,/Resources/Images/Roles/medic.png",
    "IsDeleted": false,
    "Code": "Medic",
    "DisplayName": "Medic",
    "LocalizationCode": "en-US",
    "IsSystem": true,
    "CreateDatetime": "2024-07-10T14:51:09.322+05:30",
    "UpdateDatetime": "2024-07-10T14:51:23.632+05:30"
  },
  {
    "_id": 15,
    "Scenario": {
      "$id": 1,
      "$ref": "ScenarioData"
    },
    "ImagePath": "pack://application:,,,/Resources/Images/Roles/sniper.png",
    "IsDeleted": false,
    "Code": "Sniper",
    "DisplayName": "\u0421\u043d\u0430\u0439\u043f\u0435\u0440",
    "LocalizationCode": "ru-Ru",
    "IsSystem": false,
    "CreateDatetime": "2024-07-10T14:51:09.569+05:30",
    "UpdateDatetime": "2024-07-10T14:51:23.659+05:30"
  },
  {
    "_id": 16,
    "Scenario": {
      "$id": 1,
      "$ref": "ScenarioData"
    },
    "ImagePath": "pack://application:,,,/Resources/Images/Roles/stormtrooper.png",
    "IsDeleted": false,
    "Code": "StormTrooper",
    "DisplayName": "\u0428\u0442\u0443\u0440\u043c\u043e\u0432\u0438\u043a",
    "LocalizationCode": "ru-Ru",
    "IsSystem": false,
    "CreateDatetime": "2024-07-10T14:51:09.6+05:30",
    "UpdateDatetime": "2024-07-10T14:51:23.659+05:30"
  },
  {
    "_id": 17,
    "Scenario": {
      "$id": 1,
      "$ref": "ScenarioData"
    },
    "ImagePath": "pack://application:,,,/Resources/Images/Roles/scout.png",
    "IsDeleted": false,
    "Code": "Scout",
    "DisplayName": "\u0420\u0430\u0437\u0432\u0435\u0434\u0447\u0438\u043a",
    "LocalizationCode": "ru-Ru",
    "IsSystem": false,
    "CreateDatetime": "2024-07-10T14:51:09.603+05:30",
    "UpdateDatetime": "2024-07-10T14:51:23.659+05:30"
  },
  {
    "_id": 18,
    "Scenario": {
      "$id": 1,
      "$ref": "ScenarioData"
    },
    "ImagePath": "pack://application:,,,/Resources/Images/Roles/machinegunner.png",
    "IsDeleted": false,
    "Code": "MachineGunner",
    "DisplayName": "\u041f\u0443\u043b\u0435\u043c\u0435\u0442\u0447\u0438\u043a",
    "LocalizationCode": "ru-Ru",
    "IsSystem": false,
    "CreateDatetime": "2024-07-10T14:51:09.605+05:30",
    "UpdateDatetime": "2024-07-10T14:51:23.659+05:30"
  },
  {
    "_id": 19,
    "Scenario": {
      "$id": 1,
      "$ref": "ScenarioData"
    },
    "ImagePath": "pack://application:,,,/Resources/Images/Roles/commander.png",
    "IsDeleted": false,
    "Code": "Commander",
    "DisplayName": "\u041a\u043e\u043c\u0430\u043d\u0434\u0438\u0440",
    "LocalizationCode": "ru-Ru",
    "IsSystem": false,
    "CreateDatetime": "2024-07-10T14:51:09.608+05:30",
    "UpdateDatetime": "2024-07-10T14:51:23.659+05:30"
  },
  {
    "_id": 20,
    "Scenario": {
      "$id": 1,
      "$ref": "ScenarioData"
    },
    "ImagePath": "pack://application:,,,/Resources/Images/Roles/engineer.png",
    "IsDeleted": false,
    "Code": "Engineer",
    "DisplayName": "\u0418\u043d\u0436\u0435\u043d\u0435\u0440",
    "LocalizationCode": "ru-Ru",
    "IsSystem": false,
    "CreateDatetime": "2024-07-10T14:51:09.621+05:30",
    "UpdateDatetime": "2024-07-10T14:51:23.659+05:30"
  },
  {
    "_id": 21,
    "Scenario": {
      "$id": 1,
      "$ref": "ScenarioData"
    },
    "ImagePath": "pack://application:,,,/Resources/Images/Roles/medic.png",
    "IsDeleted": false,
    "Code": "Medic",
    "DisplayName": "\u041c\u0435\u0434\u0438\u043a",
    "LocalizationCode": "ru-Ru",
    "IsSystem": false,
    "CreateDatetime": "2024-07-10T14:51:09.624+05:30",
    "UpdateDatetime": "2024-07-10T14:51:23.659+05:30"
  },
  {
    "_id": 22,
    "Scenario": {
      "$id": 2,
      "$ref": "ScenarioData"
    },
    "ImagePath": "pack://application:,,,/Resources/Images/Roles/sniper.png",
    "IsDeleted": false,
    "IsScenarioDefaultRole": false,
    "Code": "Sniper",
    "DisplayName": "\u0421\u043d\u0430\u0439\u043f\u0435\u0440",
    "LocalizationCode": "ru-Ru",
    "IsSystem": false,
    "CreateDatetime": "2024-07-10T14:51:09.64+05:30",
    "UpdateDatetime": "2024-07-10T15:43:28.215+05:30"
  },
  {
    "_id": 23,
    "Scenario": {
      "$id": 2,
      "$ref": "ScenarioData"
    },
    "ImagePath": "pack://application:,,,/Resources/Images/Roles/stormtrooper.png",
    "IsDeleted": false,
    "IsScenarioDefaultRole": true,
    "Code": "StormTrooper",
    "DisplayName": "\u0428\u0442\u0443\u0440\u043c\u043e\u0432\u0438\u043a",
    "LocalizationCode": "ru-Ru",
    "IsSystem": false,
    "CreateDatetime": "2024-07-10T14:51:09.643+05:30",
    "UpdateDatetime": "2024-07-10T15:43:28.231+05:30"
  },
  {
    "_id": 24,
    "Scenario": {
      "$id": 2,
      "$ref": "ScenarioData"
    },
    "ImagePath": "pack://application:,,,/Resources/Images/Roles/scout.png",
    "IsDeleted": false,
    "IsScenarioDefaultRole": false,
    "Code": "Scout",
    "DisplayName": "\u0420\u0430\u0437\u0432\u0435\u0434\u0447\u0438\u043a",
    "LocalizationCode": "ru-Ru",
    "IsSystem": false,
    "CreateDatetime": "2024-07-10T14:51:09.651+05:30",
    "UpdateDatetime": "2024-07-10T15:43:28.255+05:30"
  },
  {
    "_id": 25,
    "Scenario": {
      "$id": 2,
      "$ref": "ScenarioData"
    },
    "ImagePath": "pack://application:,,,/Resources/Images/Roles/machinegunner.png",
    "IsDeleted": false,
    "IsScenarioDefaultRole": false,
    "Code": "MachineGunner",
    "DisplayName": "\u041f\u0443\u043b\u0435\u043c\u0435\u0442\u0447\u0438\u043a",
    "LocalizationCode": "ru-Ru",
    "IsSystem": false,
    "CreateDatetime": "2024-07-10T14:51:09.654+05:30",
    "UpdateDatetime": "2024-07-10T15:43:28.272+05:30"
  },
  {
    "_id": 26,
    "Scenario": {
      "$id": 2,
      "$ref": "ScenarioData"
    },
    "ImagePath": "pack://application:,,,/Resources/Images/Roles/commander.png",
    "IsDeleted": false,
    "IsScenarioDefaultRole": false,
    "Code": "Commander",
    "DisplayName": "\u041a\u043e\u043c\u0430\u043d\u0434\u0438\u0440",
    "LocalizationCode": "ru-Ru",
    "IsSystem": false,
    "CreateDatetime": "2024-07-10T14:51:09.657+05:30",
    "UpdateDatetime": "2024-07-10T15:43:28.288+05:30"
  },
  {
    "_id": 27,
    "Scenario": {
      "$id": 2,
      "$ref": "ScenarioData"
    },
    "ImagePath": "pack://application:,,,/Resources/Images/Roles/engineer.png",
    "IsDeleted": false,
    "IsScenarioDefaultRole": false,
    "Code": "Engineer",
    "DisplayName": "\u0418\u043d\u0436\u0435\u043d\u0435\u0440",
    "LocalizationCode": "ru-Ru",
    "IsSystem": false,
    "CreateDatetime": "2024-07-10T14:51:09.661+05:30",
    "UpdateDatetime": "2024-07-10T15:43:28.31+05:30"
  },
  {
    "_id": 28,
    "Scenario": {
      "$id": 2,
      "$ref": "ScenarioData"
    },
    "ImagePath": "pack://application:,,,/Resources/Images/Roles/medic.png",
    "IsDeleted": false,
    "IsScenarioDefaultRole": false,
    "Code": "Medic",
    "DisplayName": "\u041c\u0435\u0434\u0438\u043a",
    "LocalizationCode": "ru-Ru",
    "IsSystem": false,
    "CreateDatetime": "2024-07-10T14:51:09.666+05:30",
    "UpdateDatetime": "2024-07-10T15:43:28.325+05:30"
  },
  {
    "_id": 29,
    "Scenario": {
      "$id": 3,
      "$ref": "ScenarioData"
    },
    "ImagePath": "pack://application:,,,/Resources/Images/Roles/sniper.png",
    "IsDeleted": false,
    "Code": "Sniper",
    "DisplayName": "\u0421\u043d\u0430\u0439\u043f\u0435\u0440",
    "LocalizationCode": "ru-Ru",
    "IsSystem": false,
    "CreateDatetime": "2024-07-10T14:51:09.679+05:30",
    "UpdateDatetime": "2024-07-10T14:51:23.66+05:30"
  },
  {
    "_id": 30,
    "Scenario": {
      "$id": 3,
      "$ref": "ScenarioData"
    },
    "ImagePath": "pack://application:,,,/Resources/Images/Roles/stormtrooper.png",
    "IsDeleted": false,
    "Code": "StormTrooper",
    "DisplayName": "\u0428\u0442\u0443\u0440\u043c\u043e\u0432\u0438\u043a",
    "LocalizationCode": "ru-Ru",
    "IsSystem": false,
    "CreateDatetime": "2024-07-10T14:51:09.682+05:30",
    "UpdateDatetime": "2024-07-10T14:51:23.66+05:30"
  },
  {
    "_id": 31,
    "Scenario": {
      "$id": 3,
      "$ref": "ScenarioData"
    },
    "ImagePath": "pack://application:,,,/Resources/Images/Roles/scout.png",
    "IsDeleted": false,
    "Code": "Scout",
    "DisplayName": "\u0420\u0430\u0437\u0432\u0435\u0434\u0447\u0438\u043a",
    "LocalizationCode": "ru-Ru",
    "IsSystem": false,
    "CreateDatetime": "2024-07-10T14:51:09.684+05:30",
    "UpdateDatetime": "2024-07-10T14:51:23.66+05:30"
  },
  {
    "_id": 32,
    "Scenario": {
      "$id": 3,
      "$ref": "ScenarioData"
    },
    "ImagePath": "pack://application:,,,/Resources/Images/Roles/machinegunner.png",
    "IsDeleted": false,
    "Code": "MachineGunner",
    "DisplayName": "\u041f\u0443\u043b\u0435\u043c\u0435\u0442\u0447\u0438\u043a",
    "LocalizationCode": "ru-Ru",
    "IsSystem": false,
    "CreateDatetime": "2024-07-10T14:51:09.687+05:30",
    "UpdateDatetime": "2024-07-10T14:51:23.66+05:30"
  },
  {
    "_id": 33,
    "Scenario": {
      "$id": 3,
      "$ref": "ScenarioData"
    },
    "ImagePath": "pack://application:,,,/Resources/Images/Roles/commander.png",
    "IsDeleted": false,
    "Code": "Commander",
    "DisplayName": "\u041a\u043e\u043c\u0430\u043d\u0434\u0438\u0440",
    "LocalizationCode": "ru-Ru",
    "IsSystem": false,
    "CreateDatetime": "2024-07-10T14:51:09.69+05:30",
    "UpdateDatetime": "2024-07-10T14:51:23.66+05:30"
  },
  {
    "_id": 34,
    "Scenario": {
      "$id": 3,
      "$ref": "ScenarioData"
    },
    "ImagePath": "pack://application:,,,/Resources/Images/Roles/engineer.png",
    "IsDeleted": false,
    "Code": "Engineer",
    "DisplayName": "\u0418\u043d\u0436\u0435\u043d\u0435\u0440",
    "LocalizationCode": "ru-Ru",
    "IsSystem": false,
    "CreateDatetime": "2024-07-10T14:51:09.696+05:30",
    "UpdateDatetime": "2024-07-10T14:51:23.66+05:30"
  },
  {
    "_id": 35,
    "Scenario": {
      "$id": 3,
      "$ref": "ScenarioData"
    },
    "ImagePath": "pack://application:,,,/Resources/Images/Roles/medic.png",
    "IsDeleted": false,
    "Code": "Medic",
    "DisplayName": "\u041c\u0435\u0434\u0438\u043a",
    "LocalizationCode": "ru-Ru",
    "IsSystem": false,
    "CreateDatetime": "2024-07-10T14:51:09.699+05:30",
    "UpdateDatetime": "2024-07-10T14:51:23.66+05:30"
  },
  {
    "_id": 36,
    "Scenario": {
      "$id": 4,
      "$ref": "ScenarioData"
    },
    "ImagePath": "pack://application:,,,/Resources/Images/Roles/sniper.png",
    "IsDeleted": false,
    "Code": "Sniper",
    "DisplayName": "\u0421\u043d\u0430\u0439\u043f\u0435\u0440",
    "LocalizationCode": "ru-Ru",
    "IsSystem": false,
    "CreateDatetime": "2024-07-10T14:51:09.707+05:30",
    "UpdateDatetime": "2024-07-10T14:51:23.66+05:30"
  },
  {
    "_id": 37,
    "Scenario": {
      "$id": 4,
      "$ref": "ScenarioData"
    },
    "ImagePath": "pack://application:,,,/Resources/Images/Roles/stormtrooper.png",
    "IsDeleted": false,
    "Code": "StormTrooper",
    "DisplayName": "\u0428\u0442\u0443\u0440\u043c\u043e\u0432\u0438\u043a",
    "LocalizationCode": "ru-Ru",
    "IsSystem": false,
    "CreateDatetime": "2024-07-10T14:51:09.713+05:30",
    "UpdateDatetime": "2024-07-10T14:51:23.66+05:30"
  },
  {
    "_id": 38,
    "Scenario": {
      "$id": 4,
      "$ref": "ScenarioData"
    },
    "ImagePath": "pack://application:,,,/Resources/Images/Roles/scout.png",
    "IsDeleted": false,
    "Code": "Scout",
    "DisplayName": "\u0420\u0430\u0437\u0432\u0435\u0434\u0447\u0438\u043a",
    "LocalizationCode": "ru-Ru",
    "IsSystem": false,
    "CreateDatetime": "2024-07-10T14:51:09.718+05:30",
    "UpdateDatetime": "2024-07-10T14:51:23.66+05:30"
  },
  {
    "_id": 39,
    "Scenario": {
      "$id": 4,
      "$ref": "ScenarioData"
    },
    "ImagePath": "pack://application:,,,/Resources/Images/Roles/machinegunner.png",
    "IsDeleted": false,
    "Code": "MachineGunner",
    "DisplayName": "\u041f\u0443\u043b\u0435\u043c\u0435\u0442\u0447\u0438\u043a",
    "LocalizationCode": "ru-Ru",
    "IsSystem": false,
    "CreateDatetime": "2024-07-10T14:51:09.724+05:30",
    "UpdateDatetime": "2024-07-10T14:51:23.66+05:30"
  },
  {
    "_id": 40,
    "Scenario": {
      "$id": 4,
      "$ref": "ScenarioData"
    },
    "ImagePath": "pack://application:,,,/Resources/Images/Roles/commander.png",
    "IsDeleted": false,
    "Code": "Commander",
    "DisplayName": "\u041a\u043e\u043c\u0430\u043d\u0434\u0438\u0440",
    "LocalizationCode": "ru-Ru",
    "IsSystem": false,
    "CreateDatetime": "2024-07-10T14:51:09.728+05:30",
    "UpdateDatetime": "2024-07-10T14:51:23.66+05:30"
  },
  {
    "_id": 41,
    "Scenario": {
      "$id": 4,
      "$ref": "ScenarioData"
    },
    "ImagePath": "pack://application:,,,/Resources/Images/Roles/engineer.png",
    "IsDeleted": false,
    "Code": "Engineer",
    "DisplayName": "\u0418\u043d\u0436\u0435\u043d\u0435\u0440",
    "LocalizationCode": "ru-Ru",
    "IsSystem": false,
    "CreateDatetime": "2024-07-10T14:51:09.733+05:30",
    "UpdateDatetime": "2024-07-10T14:51:23.66+05:30"
  },
  {
    "_id": 42,
    "Scenario": {
      "$id": 4,
      "$ref": "ScenarioData"
    },
    "ImagePath": "pack://application:,,,/Resources/Images/Roles/medic.png",
    "IsDeleted": false,
    "Code": "Medic",
    "DisplayName": "\u041c\u0435\u0434\u0438\u043a",
    "LocalizationCode": "ru-Ru",
    "IsSystem": false,
    "CreateDatetime": "2024-07-10T14:51:09.738+05:30",
    "UpdateDatetime": "2024-07-10T14:51:23.66+05:30"
  },
  {
    "_id": 43,
    "Scenario": {
      "$id": 5,
      "$ref": "ScenarioData"
    },
    "ImagePath": "pack://application:,,,/Resources/Images/Roles/sniper.png",
    "IsDeleted": false,
    "Code": "Sniper",
    "DisplayName": "\u0421\u043d\u0430\u0439\u043f\u0435\u0440",
    "LocalizationCode": "ru-Ru",
    "IsSystem": false,
    "CreateDatetime": "2024-07-10T14:51:09.743+05:30",
    "UpdateDatetime": "2024-07-10T14:51:23.66+05:30"
  },
  {
    "_id": 44,
    "Scenario": {
      "$id": 5,
      "$ref": "ScenarioData"
    },
    "ImagePath": "pack://application:,,,/Resources/Images/Roles/stormtrooper.png",
    "IsDeleted": false,
    "Code": "StormTrooper",
    "DisplayName": "\u0428\u0442\u0443\u0440\u043c\u043e\u0432\u0438\u043a",
    "LocalizationCode": "ru-Ru",
    "IsSystem": false,
    "CreateDatetime": "2024-07-10T14:51:09.751+05:30",
    "UpdateDatetime": "2024-07-10T14:51:23.66+05:30"
  },
  {
    "_id": 45,
    "Scenario": {
      "$id": 5,
      "$ref": "ScenarioData"
    },
    "ImagePath": "pack://application:,,,/Resources/Images/Roles/scout.png",
    "IsDeleted": false,
    "Code": "Scout",
    "DisplayName": "\u0420\u0430\u0437\u0432\u0435\u0434\u0447\u0438\u043a",
    "LocalizationCode": "ru-Ru",
    "IsSystem": false,
    "CreateDatetime": "2024-07-10T14:51:09.757+05:30",
    "UpdateDatetime": "2024-07-10T14:51:23.66+05:30"
  },
  {
    "_id": 46,
    "Scenario": {
      "$id": 5,
      "$ref": "ScenarioData"
    },
    "ImagePath": "pack://application:,,,/Resources/Images/Roles/machinegunner.png",
    "IsDeleted": false,
    "Code": "MachineGunner",
    "DisplayName": "\u041f\u0443\u043b\u0435\u043c\u0435\u0442\u0447\u0438\u043a",
    "LocalizationCode": "ru-Ru",
    "IsSystem": false,
    "CreateDatetime": "2024-07-10T14:51:09.76+05:30",
    "UpdateDatetime": "2024-07-10T14:51:23.66+05:30"
  },
  {
    "_id": 47,
    "Scenario": {
      "$id": 5,
      "$ref": "ScenarioData"
    },
    "ImagePath": "pack://application:,,,/Resources/Images/Roles/commander.png",
    "IsDeleted": false,
    "Code": "Commander",
    "DisplayName": "\u041a\u043e\u043c\u0430\u043d\u0434\u0438\u0440",
    "LocalizationCode": "ru-Ru",
    "IsSystem": false,
    "CreateDatetime": "2024-07-10T14:51:09.764+05:30",
    "UpdateDatetime": "2024-07-10T14:51:23.66+05:30"
  },
  {
    "_id": 48,
    "Scenario": {
      "$id": 5,
      "$ref": "ScenarioData"
    },
    "ImagePath": "pack://application:,,,/Resources/Images/Roles/engineer.png",
    "IsDeleted": false,
    "Code": "Engineer",
    "DisplayName": "\u0418\u043d\u0436\u0435\u043d\u0435\u0440",
    "LocalizationCode": "ru-Ru",
    "IsSystem": false,
    "CreateDatetime": "2024-07-10T14:51:09.768+05:30",
    "UpdateDatetime": "2024-07-10T14:51:23.66+05:30"
  },
  {
    "_id": 49,
    "Scenario": {
      "$id": 5,
      "$ref": "ScenarioData"
    },
    "ImagePath": "pack://application:,,,/Resources/Images/Roles/medic.png",
    "IsDeleted": false,
    "Code": "Medic",
    "DisplayName": "\u041c\u0435\u0434\u0438\u043a",
    "LocalizationCode": "ru-Ru",
    "IsSystem": false,
    "CreateDatetime": "2024-07-10T14:51:09.771+05:30",
    "UpdateDatetime": "2024-07-10T14:51:23.66+05:30"
  },
  {
    "_id": 50,
    "Scenario": {
      "$id": 6,
      "$ref": "ScenarioData"
    },
    "ImagePath": "pack://application:,,,/Resources/Images/Roles/sniper.png",
    "IsDeleted": false,
    "Code": "Sniper",
    "DisplayName": "\u0421\u043d\u0430\u0439\u043f\u0435\u0440",
    "LocalizationCode": "ru-Ru",
    "IsSystem": false,
    "CreateDatetime": "2024-07-10T14:51:09.777+05:30",
    "UpdateDatetime": "2024-07-10T14:51:23.66+05:30"
  },
  {
    "_id": 51,
    "Scenario": {
      "$id": 6,
      "$ref": "ScenarioData"
    },
    "ImagePath": "pack://application:,,,/Resources/Images/Roles/stormtrooper.png",
    "IsDeleted": false,
    "Code": "StormTrooper",
    "DisplayName": "\u0428\u0442\u0443\u0440\u043c\u043e\u0432\u0438\u043a",
    "LocalizationCode": "ru-Ru",
    "IsSystem": false,
    "CreateDatetime": "2024-07-10T14:51:09.782+05:30",
    "UpdateDatetime": "2024-07-10T14:51:23.66+05:30"
  },
  {
    "_id": 52,
    "Scenario": {
      "$id": 6,
      "$ref": "ScenarioData"
    },
    "ImagePath": "pack://application:,,,/Resources/Images/Roles/scout.png",
    "IsDeleted": false,
    "Code": "Scout",
    "DisplayName": "\u0420\u0430\u0437\u0432\u0435\u0434\u0447\u0438\u043a",
    "LocalizationCode": "ru-Ru",
    "IsSystem": false,
    "CreateDatetime": "2024-07-10T14:51:09.795+05:30",
    "UpdateDatetime": "2024-07-10T14:51:23.66+05:30"
  },
  {
    "_id": 53,
    "Scenario": {
      "$id": 6,
      "$ref": "ScenarioData"
    },
    "ImagePath": "pack://application:,,,/Resources/Images/Roles/machinegunner.png",
    "IsDeleted": false,
    "Code": "MachineGunner",
    "DisplayName": "\u041f\u0443\u043b\u0435\u043c\u0435\u0442\u0447\u0438\u043a",
    "LocalizationCode": "ru-Ru",
    "IsSystem": false,
    "CreateDatetime": "2024-07-10T14:51:09.802+05:30",
    "UpdateDatetime": "2024-07-10T14:51:23.66+05:30"
  },
  {
    "_id": 54,
    "Scenario": {
      "$id": 6,
      "$ref": "ScenarioData"
    },
    "ImagePath": "pack://application:,,,/Resources/Images/Roles/commander.png",
    "IsDeleted": false,
    "Code": "Commander",
    "DisplayName": "\u041a\u043e\u043c\u0430\u043d\u0434\u0438\u0440",
    "LocalizationCode": "ru-Ru",
    "IsSystem": false,
    "CreateDatetime": "2024-07-10T14:51:09.81+05:30",
    "UpdateDatetime": "2024-07-10T14:51:23.66+05:30"
  },
  {
    "_id": 55,
    "Scenario": {
      "$id": 6,
      "$ref": "ScenarioData"
    },
    "ImagePath": "pack://application:,,,/Resources/Images/Roles/engineer.png",
    "IsDeleted": false,
    "Code": "Engineer",
    "DisplayName": "\u0418\u043d\u0436\u0435\u043d\u0435\u0440",
    "LocalizationCode": "ru-Ru",
    "IsSystem": false,
    "CreateDatetime": "2024-07-10T14:51:09.817+05:30",
    "UpdateDatetime": "2024-07-10T14:51:23.66+05:30"
  },
  {
    "_id": 56,
    "Scenario": {
      "$id": 6,
      "$ref": "ScenarioData"
    },
    "ImagePath": "pack://application:,,,/Resources/Images/Roles/medic.png",
    "IsDeleted": false,
    "Code": "Medic",
    "DisplayName": "\u041c\u0435\u0434\u0438\u043a",
    "LocalizationCode": "ru-Ru",
    "IsSystem": false,
    "CreateDatetime": "2024-07-10T14:51:09.825+05:30",
    "UpdateDatetime": "2024-07-10T14:51:23.66+05:30"
  },
  {
    "_id": 57,
    "Scenario": {
      "$id": 7,
      "$ref": "ScenarioData"
    },
    "ImagePath": "pack://application:,,,/Resources/Images/Roles/sniper.png",
    "IsDeleted": false,
    "Code": "Sniper",
    "DisplayName": "\u0421\u043d\u0430\u0439\u043f\u0435\u0440",
    "LocalizationCode": "ru-Ru",
    "IsSystem": false,
    "CreateDatetime": "2024-07-10T14:51:09.833+05:30",
    "UpdateDatetime": "2024-07-10T14:51:23.66+05:30"
  },
  {
    "_id": 58,
    "Scenario": {
      "$id": 7,
      "$ref": "ScenarioData"
    },
    "ImagePath": "pack://application:,,,/Resources/Images/Roles/stormtrooper.png",
    "IsDeleted": false,
    "Code": "StormTrooper",
    "DisplayName": "\u0428\u0442\u0443\u0440\u043c\u043e\u0432\u0438\u043a",
    "LocalizationCode": "ru-Ru",
    "IsSystem": false,
    "CreateDatetime": "2024-07-10T14:51:09.848+05:30",
    "UpdateDatetime": "2024-07-10T14:51:23.66+05:30"
  },
  {
    "_id": 59,
    "Scenario": {
      "$id": 7,
      "$ref": "ScenarioData"
    },
    "ImagePath": "pack://application:,,,/Resources/Images/Roles/scout.png",
    "IsDeleted": false,
    "Code": "Scout",
    "DisplayName": "\u0420\u0430\u0437\u0432\u0435\u0434\u0447\u0438\u043a",
    "LocalizationCode": "ru-Ru",
    "IsSystem": false,
    "CreateDatetime": "2024-07-10T14:51:09.852+05:30",
    "UpdateDatetime": "2024-07-10T14:51:23.661+05:30"
  },
  {
    "_id": 60,
    "Scenario": {
      "$id": 7,
      "$ref": "ScenarioData"
    },
    "ImagePath": "pack://application:,,,/Resources/Images/Roles/machinegunner.png",
    "IsDeleted": false,
    "Code": "MachineGunner",
    "DisplayName": "\u041f\u0443\u043b\u0435\u043c\u0435\u0442\u0447\u0438\u043a",
    "LocalizationCode": "ru-Ru",
    "IsSystem": false,
    "CreateDatetime": "2024-07-10T14:51:09.858+05:30",
    "UpdateDatetime": "2024-07-10T14:51:23.661+05:30"
  },
  {
    "_id": 61,
    "Scenario": {
      "$id": 7,
      "$ref": "ScenarioData"
    },
    "ImagePath": "pack://application:,,,/Resources/Images/Roles/commander.png",
    "IsDeleted": false,
    "Code": "Commander",
    "DisplayName": "\u041a\u043e\u043c\u0430\u043d\u0434\u0438\u0440",
    "LocalizationCode": "ru-Ru",
    "IsSystem": false,
    "CreateDatetime": "2024-07-10T14:51:09.866+05:30",
    "UpdateDatetime": "2024-07-10T14:51:23.661+05:30"
  },
  {
    "_id": 62,
    "Scenario": {
      "$id": 7,
      "$ref": "ScenarioData"
    },
    "ImagePath": "pack://application:,,,/Resources/Images/Roles/engineer.png",
    "IsDeleted": false,
    "Code": "Engineer",
    "DisplayName": "\u0418\u043d\u0436\u0435\u043d\u0435\u0440",
    "LocalizationCode": "ru-Ru",
    "IsSystem": false,
    "CreateDatetime": "2024-07-10T14:51:09.871+05:30",
    "UpdateDatetime": "2024-07-10T14:51:23.661+05:30"
  },
  {
    "_id": 63,
    "Scenario": {
      "$id": 7,
      "$ref": "ScenarioData"
    },
    "ImagePath": "pack://application:,,,/Resources/Images/Roles/medic.png",
    "IsDeleted": false,
    "Code": "Medic",
    "DisplayName": "\u041c\u0435\u0434\u0438\u043a",
    "LocalizationCode": "ru-Ru",
    "IsSystem": false,
    "CreateDatetime": "2024-07-10T14:51:09.877+05:30",
    "UpdateDatetime": "2024-07-10T14:51:23.661+05:30"
  },
  {
    "_id": 64,
    "Scenario": {
      "$id": 8,
      "$ref": "ScenarioData"
    },
    "ImagePath": "pack://application:,,,/Resources/Images/Roles/sniper.png",
    "IsDeleted": false,
    "Code": "Sniper",
    "DisplayName": "\u0421\u043d\u0430\u0439\u043f\u0435\u0440",
    "LocalizationCode": "ru-Ru",
    "IsSystem": false,
    "CreateDatetime": "2024-07-10T14:51:09.892+05:30",
    "UpdateDatetime": "2024-07-10T14:51:23.661+05:30"
  },
  {
    "_id": 65,
    "Scenario": {
      "$id": 8,
      "$ref": "ScenarioData"
    },
    "ImagePath": "pack://application:,,,/Resources/Images/Roles/stormtrooper.png",
    "IsDeleted": false,
    "Code": "StormTrooper",
    "DisplayName": "\u0428\u0442\u0443\u0440\u043c\u043e\u0432\u0438\u043a",
    "LocalizationCode": "ru-Ru",
    "IsSystem": false,
    "CreateDatetime": "2024-07-10T14:51:09.899+05:30",
    "UpdateDatetime": "2024-07-10T14:51:23.661+05:30"
  },
  {
    "_id": 66,
    "Scenario": {
      "$id": 8,
      "$ref": "ScenarioData"
    },
    "ImagePath": "pack://application:,,,/Resources/Images/Roles/scout.png",
    "IsDeleted": false,
    "Code": "Scout",
    "DisplayName": "\u0420\u0430\u0437\u0432\u0435\u0434\u0447\u0438\u043a",
    "LocalizationCode": "ru-Ru",
    "IsSystem": false,
    "CreateDatetime": "2024-07-10T14:51:09.906+05:30",
    "UpdateDatetime": "2024-07-10T14:51:23.661+05:30"
  },
  {
    "_id": 67,
    "Scenario": {
      "$id": 8,
      "$ref": "ScenarioData"
    },
    "ImagePath": "pack://application:,,,/Resources/Images/Roles/machinegunner.png",
    "IsDeleted": false,
    "Code": "MachineGunner",
    "DisplayName": "\u041f\u0443\u043b\u0435\u043c\u0435\u0442\u0447\u0438\u043a",
    "LocalizationCode": "ru-Ru",
    "IsSystem": false,
    "CreateDatetime": "2024-07-10T14:51:09.916+05:30",
    "UpdateDatetime": "2024-07-10T14:51:23.661+05:30"
  },
  {
    "_id": 68,
    "Scenario": {
      "$id": 8,
      "$ref": "ScenarioData"
    },
    "ImagePath": "pack://application:,,,/Resources/Images/Roles/commander.png",
    "IsDeleted": false,
    "Code": "Commander",
    "DisplayName": "\u041a\u043e\u043c\u0430\u043d\u0434\u0438\u0440",
    "LocalizationCode": "ru-Ru",
    "IsSystem": false,
    "CreateDatetime": "2024-07-10T14:51:09.923+05:30",
    "UpdateDatetime": "2024-07-10T14:51:23.661+05:30"
  },
  {
    "_id": 69,
    "Scenario": {
      "$id": 8,
      "$ref": "ScenarioData"
    },
    "ImagePath": "pack://application:,,,/Resources/Images/Roles/engineer.png",
    "IsDeleted": false,
    "Code": "Engineer",
    "DisplayName": "\u0418\u043d\u0436\u0435\u043d\u0435\u0440",
    "LocalizationCode": "ru-Ru",
    "IsSystem": false,
    "CreateDatetime": "2024-07-10T14:51:09.929+05:30",
    "UpdateDatetime": "2024-07-10T14:51:23.661+05:30"
  },
  {
    "_id": 70,
    "Scenario": {
      "$id": 8,
      "$ref": "ScenarioData"
    },
    "ImagePath": "pack://application:,,,/Resources/Images/Roles/medic.png",
    "IsDeleted": false,
    "Code": "Medic",
    "DisplayName": "\u041c\u0435\u0434\u0438\u043a",
    "LocalizationCode": "ru-Ru",
    "IsSystem": false,
    "CreateDatetime": "2024-07-10T14:51:09.936+05:30",
    "UpdateDatetime": "2024-07-10T14:51:23.661+05:30"
  },
  {
    "_id": 71,
    "Scenario": {
      "$id": 9,
      "$ref": "ScenarioData"
    },
    "ImagePath": "pack://application:,,,/Resources/Images/Roles/sniper.png",
    "IsDeleted": false,
    "Code": "Sniper",
    "DisplayName": "\u0421\u043d\u0430\u0439\u043f\u0435\u0440",
    "LocalizationCode": "ru-Ru",
    "IsSystem": false,
    "CreateDatetime": "2024-07-10T14:51:09.945+05:30",
    "UpdateDatetime": "2024-07-10T14:51:23.661+05:30"
  },
  {
    "_id": 72,
    "Scenario": {
      "$id": 9,
      "$ref": "ScenarioData"
    },
    "ImagePath": "pack://application:,,,/Resources/Images/Roles/stormtrooper.png",
    "IsDeleted": false,
    "Code": "StormTrooper",
    "DisplayName": "\u0428\u0442\u0443\u0440\u043c\u043e\u0432\u0438\u043a",
    "LocalizationCode": "ru-Ru",
    "IsSystem": false,
    "CreateDatetime": "2024-07-10T14:51:09.95+05:30",
    "UpdateDatetime": "2024-07-10T14:51:23.661+05:30"
  },
  {
    "_id": 73,
    "Scenario": {
      "$id": 9,
      "$ref": "ScenarioData"
    },
    "ImagePath": "pack://application:,,,/Resources/Images/Roles/scout.png",
    "IsDeleted": false,
    "Code": "Scout",
    "DisplayName": "\u0420\u0430\u0437\u0432\u0435\u0434\u0447\u0438\u043a",
    "LocalizationCode": "ru-Ru",
    "IsSystem": false,
    "CreateDatetime": "2024-07-10T14:51:09.955+05:30",
    "UpdateDatetime": "2024-07-10T14:51:23.661+05:30"
  },
  {
    "_id": 74,
    "Scenario": {
      "$id": 9,
      "$ref": "ScenarioData"
    },
    "ImagePath": "pack://application:,,,/Resources/Images/Roles/machinegunner.png",
    "IsDeleted": false,
    "Code": "MachineGunner",
    "DisplayName": "\u041f\u0443\u043b\u0435\u043c\u0435\u0442\u0447\u0438\u043a",
    "LocalizationCode": "ru-Ru",
    "IsSystem": false,
    "CreateDatetime": "2024-07-10T14:51:09.96+05:30",
    "UpdateDatetime": "2024-07-10T14:51:23.661+05:30"
  },
  {
    "_id": 75,
    "Scenario": {
      "$id": 9,
      "$ref": "ScenarioData"
    },
    "ImagePath": "pack://application:,,,/Resources/Images/Roles/commander.png",
    "IsDeleted": false,
    "Code": "Commander",
    "DisplayName": "\u041a\u043e\u043c\u0430\u043d\u0434\u0438\u0440",
    "LocalizationCode": "ru-Ru",
    "IsSystem": false,
    "CreateDatetime": "2024-07-10T14:51:09.967+05:30",
    "UpdateDatetime": "2024-07-10T14:51:23.661+05:30"
  },
  {
    "_id": 76,
    "Scenario": {
      "$id": 9,
      "$ref": "ScenarioData"
    },
    "ImagePath": "pack://application:,,,/Resources/Images/Roles/engineer.png",
    "IsDeleted": false,
    "Code": "Engineer",
    "DisplayName": "\u0418\u043d\u0436\u0435\u043d\u0435\u0440",
    "LocalizationCode": "ru-Ru",
    "IsSystem": false,
    "CreateDatetime": "2024-07-10T14:51:09.972+05:30",
    "UpdateDatetime": "2024-07-10T14:51:23.661+05:30"
  },
  {
    "_id": 77,
    "Scenario": {
      "$id": 9,
      "$ref": "ScenarioData"
    },
    "ImagePath": "pack://application:,,,/Resources/Images/Roles/medic.png",
    "IsDeleted": false,
    "Code": "Medic",
    "DisplayName": "\u041c\u0435\u0434\u0438\u043a",
    "LocalizationCode": "ru-Ru",
    "IsSystem": false,
    "CreateDatetime": "2024-07-10T14:51:09.98+05:30",
    "UpdateDatetime": "2024-07-10T14:51:23.661+05:30"
  },
  {
    "_id": 78,
    "Scenario": {
      "$id": 10,
      "$ref": "ScenarioData"
    },
    "ImagePath": "pack://application:,,,/Resources/Images/Roles/sniper.png",
    "IsDeleted": false,
    "Code": "Sniper",
    "DisplayName": "\u0421\u043d\u0430\u0439\u043f\u0435\u0440",
    "LocalizationCode": "ru-Ru",
    "IsSystem": false,
    "CreateDatetime": "2024-07-10T14:51:09.989+05:30",
    "UpdateDatetime": "2024-07-10T14:51:23.661+05:30"
  },
  {
    "_id": 79,
    "Scenario": {
      "$id": 10,
      "$ref": "ScenarioData"
    },
    "ImagePath": "pack://application:,,,/Resources/Images/Roles/stormtrooper.png",
    "IsDeleted": false,
    "Code": "StormTrooper",
    "DisplayName": "\u0428\u0442\u0443\u0440\u043c\u043e\u0432\u0438\u043a",
    "LocalizationCode": "ru-Ru",
    "IsSystem": false,
    "CreateDatetime": "2024-07-10T14:51:09.995+05:30",
    "UpdateDatetime": "2024-07-10T14:51:23.661+05:30"
  },
  {
    "_id": 80,
    "Scenario": {
      "$id": 10,
      "$ref": "ScenarioData"
    },
    "ImagePath": "pack://application:,,,/Resources/Images/Roles/scout.png",
    "IsDeleted": false,
    "Code": "Scout",
    "DisplayName": "\u0420\u0430\u0437\u0432\u0435\u0434\u0447\u0438\u043a",
    "LocalizationCode": "ru-Ru",
    "IsSystem": false,
    "CreateDatetime": "2024-07-10T14:51:10.002+05:30",
    "UpdateDatetime": "2024-07-10T14:51:23.661+05:30"
  },
  {
    "_id": 81,
    "Scenario": {
      "$id": 10,
      "$ref": "ScenarioData"
    },
    "ImagePath": "pack://application:,,,/Resources/Images/Roles/machinegunner.png",
    "IsDeleted": false,
    "Code": "MachineGunner",
    "DisplayName": "\u041f\u0443\u043b\u0435\u043c\u0435\u0442\u0447\u0438\u043a",
    "LocalizationCode": "ru-Ru",
    "IsSystem": false,
    "CreateDatetime": "2024-07-10T14:51:10.01+05:30",
    "UpdateDatetime": "2024-07-10T14:51:23.661+05:30"
  },
  {
    "_id": 82,
    "Scenario": {
      "$id": 10,
      "$ref": "ScenarioData"
    },
    "ImagePath": "pack://application:,,,/Resources/Images/Roles/commander.png",
    "IsDeleted": false,
    "Code": "Commander",
    "DisplayName": "\u041a\u043e\u043c\u0430\u043d\u0434\u0438\u0440",
    "LocalizationCode": "ru-Ru",
    "IsSystem": false,
    "CreateDatetime": "2024-07-10T14:51:10.016+05:30",
    "UpdateDatetime": "2024-07-10T14:51:23.661+05:30"
  },
  {
    "_id": 83,
    "Scenario": {
      "$id": 10,
      "$ref": "ScenarioData"
    },
    "ImagePath": "pack://application:,,,/Resources/Images/Roles/engineer.png",
    "IsDeleted": false,
    "Code": "Engineer",
    "DisplayName": "\u0418\u043d\u0436\u0435\u043d\u0435\u0440",
    "LocalizationCode": "ru-Ru",
    "IsSystem": false,
    "CreateDatetime": "2024-07-10T14:51:10.023+05:30",
    "UpdateDatetime": "2024-07-10T14:51:23.661+05:30"
  },
  {
    "_id": 84,
    "Scenario": {
      "$id": 10,
      "$ref": "ScenarioData"
    },
    "ImagePath": "pack://application:,,,/Resources/Images/Roles/medic.png",
    "IsDeleted": false,
    "Code": "Medic",
    "DisplayName": "\u041c\u0435\u0434\u0438\u043a",
    "LocalizationCode": "ru-Ru",
    "IsSystem": false,
    "CreateDatetime": "2024-07-10T14:51:10.03+05:30",
    "UpdateDatetime": "2024-07-10T14:51:23.661+05:30"
  },
  {
    "_id": 85,
    "Scenario": {
      "$id": 11,
      "$ref": "ScenarioData"
    },
    "ImagePath": "pack://application:,,,/Resources/Images/Roles/sniper.png",
    "IsDeleted": false,
    "Code": "Sniper",
    "DisplayName": "\u0421\u043d\u0430\u0439\u043f\u0435\u0440",
    "LocalizationCode": "ru-Ru",
    "IsSystem": false,
    "CreateDatetime": "2024-07-10T14:51:10.039+05:30",
    "UpdateDatetime": "2024-07-10T14:51:23.661+05:30"
  },
  {
    "_id": 86,
    "Scenario": {
      "$id": 11,
      "$ref": "ScenarioData"
    },
    "ImagePath": "pack://application:,,,/Resources/Images/Roles/stormtrooper.png",
    "IsDeleted": false,
    "Code": "StormTrooper",
    "DisplayName": "\u0428\u0442\u0443\u0440\u043c\u043e\u0432\u0438\u043a",
    "LocalizationCode": "ru-Ru",
    "IsSystem": false,
    "CreateDatetime": "2024-07-10T14:51:10.046+05:30",
    "UpdateDatetime": "2024-07-10T14:51:23.661+05:30"
  },
  {
    "_id": 87,
    "Scenario": {
      "$id": 11,
      "$ref": "ScenarioData"
    },
    "ImagePath": "pack://application:,,,/Resources/Images/Roles/scout.png",
    "IsDeleted": false,
    "Code": "Scout",
    "DisplayName": "\u0420\u0430\u0437\u0432\u0435\u0434\u0447\u0438\u043a",
    "LocalizationCode": "ru-Ru",
    "IsSystem": false,
    "CreateDatetime": "2024-07-10T14:51:10.051+05:30",
    "UpdateDatetime": "2024-07-10T14:51:23.661+05:30"
  },
  {
    "_id": 88,
    "Scenario": {
      "$id": 11,
      "$ref": "ScenarioData"
    },
    "ImagePath": "pack://application:,,,/Resources/Images/Roles/machinegunner.png",
    "IsDeleted": false,
    "Code": "MachineGunner",
    "DisplayName": "\u041f\u0443\u043b\u0435\u043c\u0435\u0442\u0447\u0438\u043a",
    "LocalizationCode": "ru-Ru",
    "IsSystem": false,
    "CreateDatetime": "2024-07-10T14:51:10.057+05:30",
    "UpdateDatetime": "2024-07-10T14:51:23.661+05:30"
  },
  {
    "_id": 89,
    "Scenario": {
      "$id": 11,
      "$ref": "ScenarioData"
    },
    "ImagePath": "pack://application:,,,/Resources/Images/Roles/commander.png",
    "IsDeleted": false,
    "Code": "Commander",
    "DisplayName": "\u041a\u043e\u043c\u0430\u043d\u0434\u0438\u0440",
    "LocalizationCode": "ru-Ru",
    "IsSystem": false,
    "CreateDatetime": "2024-07-10T14:51:10.065+05:30",
    "UpdateDatetime": "2024-07-10T14:51:23.662+05:30"
  },
  {
    "_id": 90,
    "Scenario": {
      "$id": 11,
      "$ref": "ScenarioData"
    },
    "ImagePath": "pack://application:,,,/Resources/Images/Roles/engineer.png",
    "IsDeleted": false,
    "Code": "Engineer",
    "DisplayName": "\u0418\u043d\u0436\u0435\u043d\u0435\u0440",
    "LocalizationCode": "ru-Ru",
    "IsSystem": false,
    "CreateDatetime": "2024-07-10T14:51:10.071+05:30",
    "UpdateDatetime": "2024-07-10T14:51:23.662+05:30"
  },
  {
    "_id": 91,
    "Scenario": {
      "$id": 11,
      "$ref": "ScenarioData"
    },
    "ImagePath": "pack://application:,,,/Resources/Images/Roles/medic.png",
    "IsDeleted": false,
    "Code": "Medic",
    "DisplayName": "\u041c\u0435\u0434\u0438\u043a",
    "LocalizationCode": "ru-Ru",
    "IsSystem": false,
    "CreateDatetime": "2024-07-10T14:51:10.078+05:30",
    "UpdateDatetime": "2024-07-10T14:51:23.662+05:30"
  },
  {
    "_id": 92,
    "Scenario": {
      "$id": 12,
      "$ref": "ScenarioData"
    },
    "ImagePath": "pack://application:,,,/Resources/Images/Roles/sniper.png",
    "IsDeleted": false,
    "Code": "Sniper",
    "DisplayName": "\u0421\u043d\u0430\u0439\u043f\u0435\u0440",
    "LocalizationCode": "ru-Ru",
    "IsSystem": false,
    "CreateDatetime": "2024-07-10T14:51:10.09+05:30",
    "UpdateDatetime": "2024-07-10T14:51:23.662+05:30"
  },
  {
    "_id": 93,
    "Scenario": {
      "$id": 12,
      "$ref": "ScenarioData"
    },
    "ImagePath": "pack://application:,,,/Resources/Images/Roles/stormtrooper.png",
    "IsDeleted": false,
    "Code": "StormTrooper",
    "DisplayName": "\u0428\u0442\u0443\u0440\u043c\u043e\u0432\u0438\u043a",
    "LocalizationCode": "ru-Ru",
    "IsSystem": false,
    "CreateDatetime": "2024-07-10T14:51:10.101+05:30",
    "UpdateDatetime": "2024-07-10T14:51:23.662+05:30"
  },
  {
    "_id": 94,
    "Scenario": {
      "$id": 12,
      "$ref": "ScenarioData"
    },
    "ImagePath": "pack://application:,,,/Resources/Images/Roles/scout.png",
    "IsDeleted": false,
    "Code": "Scout",
    "DisplayName": "\u0420\u0430\u0437\u0432\u0435\u0434\u0447\u0438\u043a",
    "LocalizationCode": "ru-Ru",
    "IsSystem": false,
    "CreateDatetime": "2024-07-10T14:51:10.108+05:30",
    "UpdateDatetime": "2024-07-10T14:51:23.662+05:30"
  },
  {
    "_id": 95,
    "Scenario": {
      "$id": 12,
      "$ref": "ScenarioData"
    },
    "ImagePath": "pack://application:,,,/Resources/Images/Roles/machinegunner.png",
    "IsDeleted": false,
    "Code": "MachineGunner",
    "DisplayName": "\u041f\u0443\u043b\u0435\u043c\u0435\u0442\u0447\u0438\u043a",
    "LocalizationCode": "ru-Ru",
    "IsSystem": false,
    "CreateDatetime": "2024-07-10T14:51:10.116+05:30",
    "UpdateDatetime": "2024-07-10T14:51:23.662+05:30"
  },
  {
    "_id": 96,
    "Scenario": {
      "$id": 12,
      "$ref": "ScenarioData"
    },
    "ImagePath": "pack://application:,,,/Resources/Images/Roles/commander.png",
    "IsDeleted": false,
    "Code": "Commander",
    "DisplayName": "\u041a\u043e\u043c\u0430\u043d\u0434\u0438\u0440",
    "LocalizationCode": "ru-Ru",
    "IsSystem": false,
    "CreateDatetime": "2024-07-10T14:51:10.123+05:30",
    "UpdateDatetime": "2024-07-10T14:51:23.662+05:30"
  },
  {
    "_id": 97,
    "Scenario": {
      "$id": 12,
      "$ref": "ScenarioData"
    },
    "ImagePath": "pack://application:,,,/Resources/Images/Roles/engineer.png",
    "IsDeleted": false,
    "Code": "Engineer",
    "DisplayName": "\u0418\u043d\u0436\u0435\u043d\u0435\u0440",
    "LocalizationCode": "ru-Ru",
    "IsSystem": false,
    "CreateDatetime": "2024-07-10T14:51:10.131+05:30",
    "UpdateDatetime": "2024-07-10T14:51:23.662+05:30"
  },
  {
    "_id": 98,
    "Scenario": {
      "$id": 12,
      "$ref": "ScenarioData"
    },
    "ImagePath": "pack://application:,,,/Resources/Images/Roles/medic.png",
    "IsDeleted": false,
    "Code": "Medic",
    "DisplayName": "\u041c\u0435\u0434\u0438\u043a",
    "LocalizationCode": "ru-Ru",
    "IsSystem": false,
    "CreateDatetime": "2024-07-10T14:51:10.137+05:30",
    "UpdateDatetime": "2024-07-10T14:51:23.662+05:30"
  },
  {
    "_id": 113,
    "Scenario": {
      "$id": 15,
      "$ref": "ScenarioData"
    },
    "ImagePath": "pack://application:,,,/Resources/Images/Roles/sniper.png",
    "IsDeleted": false,
    "Code": "Sniper",
    "DisplayName": "\u0421\u043d\u0430\u0439\u043f\u0435\u0440",
    "LocalizationCode": "ru-Ru",
    "IsSystem": false,
    "CreateDatetime": "2024-07-10T14:51:10.262+05:30",
    "UpdateDatetime": "2024-07-10T14:51:23.662+05:30"
  },
  {
    "_id": 114,
    "Scenario": {
      "$id": 15,
      "$ref": "ScenarioData"
    },
    "ImagePath": "pack://application:,,,/Resources/Images/Roles/stormtrooper.png",
    "IsDeleted": false,
    "Code": "StormTrooper",
    "DisplayName": "\u0428\u0442\u0443\u0440\u043c\u043e\u0432\u0438\u043a",
    "LocalizationCode": "ru-Ru",
    "IsSystem": false,
    "CreateDatetime": "2024-07-10T14:51:10.27+05:30",
    "UpdateDatetime": "2024-07-10T14:51:23.662+05:30"
  },
  {
    "_id": 115,
    "Scenario": {
      "$id": 15,
      "$ref": "ScenarioData"
    },
    "ImagePath": "pack://application:,,,/Resources/Images/Roles/scout.png",
    "IsDeleted": false,
    "Code": "Scout",
    "DisplayName": "\u0420\u0430\u0437\u0432\u0435\u0434\u0447\u0438\u043a",
    "LocalizationCode": "ru-Ru",
    "IsSystem": false,
    "CreateDatetime": "2024-07-10T14:51:10.277+05:30",
    "UpdateDatetime": "2024-07-10T14:51:23.662+05:30"
  },
  {
    "_id": 116,
    "Scenario": {
      "$id": 15,
      "$ref": "ScenarioData"
    },
    "ImagePath": "pack://application:,,,/Resources/Images/Roles/machinegunner.png",
    "IsDeleted": false,
    "Code": "MachineGunner",
    "DisplayName": "\u041f\u0443\u043b\u0435\u043c\u0435\u0442\u0447\u0438\u043a",
    "LocalizationCode": "ru-Ru",
    "IsSystem": false,
    "CreateDatetime": "2024-07-10T14:51:10.285+05:30",
    "UpdateDatetime": "2024-07-10T14:51:23.662+05:30"
  },
  {
    "_id": 117,
    "Scenario": {
      "$id": 15,
      "$ref": "ScenarioData"
    },
    "ImagePath": "pack://application:,,,/Resources/Images/Roles/commander.png",
    "IsDeleted": false,
    "Code": "Commander",
    "DisplayName": "\u041a\u043e\u043c\u0430\u043d\u0434\u0438\u0440",
    "LocalizationCode": "ru-Ru",
    "IsSystem": false,
    "CreateDatetime": "2024-07-10T14:51:10.292+05:30",
    "UpdateDatetime": "2024-07-10T14:51:23.662+05:30"
  },
  {
    "_id": 118,
    "Scenario": {
      "$id": 15,
      "$ref": "ScenarioData"
    },
    "ImagePath": "pack://application:,,,/Resources/Images/Roles/engineer.png",
    "IsDeleted": false,
    "Code": "Engineer",
    "DisplayName": "\u0418\u043d\u0436\u0435\u043d\u0435\u0440",
    "LocalizationCode": "ru-Ru",
    "IsSystem": false,
    "CreateDatetime": "2024-07-10T14:51:10.301+05:30",
    "UpdateDatetime": "2024-07-10T14:51:23.662+05:30"
  },
  {
    "_id": 119,
    "Scenario": {
      "$id": 15,
      "$ref": "ScenarioData"
    },
    "ImagePath": "pack://application:,,,/Resources/Images/Roles/medic.png",
    "IsDeleted": false,
    "Code": "Medic",
    "DisplayName": "\u041c\u0435\u0434\u0438\u043a",
    "LocalizationCode": "ru-Ru",
    "IsSystem": false,
    "CreateDatetime": "2024-07-10T14:51:10.308+05:30",
    "UpdateDatetime": "2024-07-10T14:51:23.662+05:30"
  },
  {
    "_id": 120,
    "Scenario": {
      "$id": 16,
      "$ref": "ScenarioData"
    },
    "ImagePath": "pack://application:,,,/Resources/Images/Roles/sniper.png",
    "IsDeleted": false,
    "Code": "Sniper",
    "DisplayName": "\u0421\u043d\u0430\u0439\u043f\u0435\u0440",
    "LocalizationCode": "ru-Ru",
    "IsSystem": false,
    "CreateDatetime": "2024-07-10T14:51:10.32+05:30",
    "UpdateDatetime": "2024-07-10T14:51:23.662+05:30"
  },
  {
    "_id": 121,
    "Scenario": {
      "$id": 16,
      "$ref": "ScenarioData"
    },
    "ImagePath": "pack://application:,,,/Resources/Images/Roles/stormtrooper.png",
    "IsDeleted": false,
    "Code": "StormTrooper",
    "DisplayName": "\u0428\u0442\u0443\u0440\u043c\u043e\u0432\u0438\u043a",
    "LocalizationCode": "ru-Ru",
    "IsSystem": false,
    "CreateDatetime": "2024-07-10T14:51:10.328+05:30",
    "UpdateDatetime": "2024-07-10T14:51:23.662+05:30"
  },
  {
    "_id": 122,
    "Scenario": {
      "$id": 16,
      "$ref": "ScenarioData"
    },
    "ImagePath": "pack://application:,,,/Resources/Images/Roles/scout.png",
    "IsDeleted": false,
    "Code": "Scout",
    "DisplayName": "\u0420\u0430\u0437\u0432\u0435\u0434\u0447\u0438\u043a",
    "LocalizationCode": "ru-Ru",
    "IsSystem": false,
    "CreateDatetime": "2024-07-10T14:51:10.34+05:30",
    "UpdateDatetime": "2024-07-10T14:51:23.662+05:30"
  },
  {
    "_id": 123,
    "Scenario": {
      "$id": 16,
      "$ref": "ScenarioData"
    },
    "ImagePath": "pack://application:,,,/Resources/Images/Roles/machinegunner.png",
    "IsDeleted": false,
    "Code": "MachineGunner",
    "DisplayName": "\u041f\u0443\u043b\u0435\u043c\u0435\u0442\u0447\u0438\u043a",
    "LocalizationCode": "ru-Ru",
    "IsSystem": false,
    "CreateDatetime": "2024-07-10T14:51:10.351+05:30",
    "UpdateDatetime": "2024-07-10T14:51:23.662+05:30"
  },
  {
    "_id": 124,
    "Scenario": {
      "$id": 16,
      "$ref": "ScenarioData"
    },
    "ImagePath": "pack://application:,,,/Resources/Images/Roles/commander.png",
    "IsDeleted": false,
    "Code": "Commander",
    "DisplayName": "\u041a\u043e\u043c\u0430\u043d\u0434\u0438\u0440",
    "LocalizationCode": "ru-Ru",
    "IsSystem": false,
    "CreateDatetime": "2024-07-10T14:51:10.362+05:30",
    "UpdateDatetime": "2024-07-10T14:51:23.662+05:30"
  },
  {
    "_id": 125,
    "Scenario": {
      "$id": 16,
      "$ref": "ScenarioData"
    },
    "ImagePath": "pack://application:,,,/Resources/Images/Roles/engineer.png",
    "IsDeleted": false,
    "Code": "Engineer",
    "DisplayName": "\u0418\u043d\u0436\u0435\u043d\u0435\u0440",
    "LocalizationCode": "ru-Ru",
    "IsSystem": false,
    "CreateDatetime": "2024-07-10T14:51:10.371+05:30",
    "UpdateDatetime": "2024-07-10T14:51:23.662+05:30"
  },
  {
    "_id": 126,
    "Scenario": {
      "$id": 16,
      "$ref": "ScenarioData"
    },
    "ImagePath": "pack://application:,,,/Resources/Images/Roles/medic.png",
    "IsDeleted": false,
    "Code": "Medic",
    "DisplayName": "\u041c\u0435\u0434\u0438\u043a",
    "LocalizationCode": "ru-Ru",
    "IsSystem": false,
    "CreateDatetime": "2024-07-10T14:51:10.381+05:30",
    "UpdateDatetime": "2024-07-10T14:51:23.662+05:30"
  },
  {
    "_id": 127,
    "Scenario": {
      "$id": 17,
      "$ref": "ScenarioData"
    },
    "ImagePath": "pack://application:,,,/Resources/Images/Roles/sniper.png",
    "IsDeleted": false,
    "Code": "Sniper",
    "DisplayName": "\u0421\u043d\u0430\u0439\u043f\u0435\u0440",
    "LocalizationCode": "ru-Ru",
    "IsSystem": false,
    "CreateDatetime": "2024-07-10T14:51:10.393+05:30",
    "UpdateDatetime": "2024-07-10T14:51:23.662+05:30"
  },
  {
    "_id": 128,
    "Scenario": {
      "$id": 17,
      "$ref": "ScenarioData"
    },
    "ImagePath": "pack://application:,,,/Resources/Images/Roles/stormtrooper.png",
    "IsDeleted": false,
    "Code": "StormTrooper",
    "DisplayName": "\u0428\u0442\u0443\u0440\u043c\u043e\u0432\u0438\u043a",
    "LocalizationCode": "ru-Ru",
    "IsSystem": false,
    "CreateDatetime": "2024-07-10T14:51:10.402+05:30",
    "UpdateDatetime": "2024-07-10T14:51:23.662+05:30"
  },
  {
    "_id": 129,
    "Scenario": {
      "$id": 17,
      "$ref": "ScenarioData"
    },
    "ImagePath": "pack://application:,,,/Resources/Images/Roles/scout.png",
    "IsDeleted": false,
    "Code": "Scout",
    "DisplayName": "\u0420\u0430\u0437\u0432\u0435\u0434\u0447\u0438\u043a",
    "LocalizationCode": "ru-Ru",
    "IsSystem": false,
    "CreateDatetime": "2024-07-10T14:51:10.412+05:30",
    "UpdateDatetime": "2024-07-10T14:51:23.662+05:30"
  },
  {
    "_id": 130,
    "Scenario": {
      "$id": 17,
      "$ref": "ScenarioData"
    },
    "ImagePath": "pack://application:,,,/Resources/Images/Roles/machinegunner.png",
    "IsDeleted": false,
    "Code": "MachineGunner",
    "DisplayName": "\u041f\u0443\u043b\u0435\u043c\u0435\u0442\u0447\u0438\u043a",
    "LocalizationCode": "ru-Ru",
    "IsSystem": false,
    "CreateDatetime": "2024-07-10T14:51:10.42+05:30",
    "UpdateDatetime": "2024-07-10T14:51:23.662+05:30"
  },
  {
    "_id": 131,
    "Scenario": {
      "$id": 17,
      "$ref": "ScenarioData"
    },
    "ImagePath": "pack://application:,,,/Resources/Images/Roles/commander.png",
    "IsDeleted": false,
    "Code": "Commander",
    "DisplayName": "\u041a\u043e\u043c\u0430\u043d\u0434\u0438\u0440",
    "LocalizationCode": "ru-Ru",
    "IsSystem": false,
    "CreateDatetime": "2024-07-10T14:51:10.429+05:30",
    "UpdateDatetime": "2024-07-10T14:51:23.662+05:30"
  },
  {
    "_id": 132,
    "Scenario": {
      "$id": 17,
      "$ref": "ScenarioData"
    },
    "ImagePath": "pack://application:,,,/Resources/Images/Roles/engineer.png",
    "IsDeleted": false,
    "Code": "Engineer",
    "DisplayName": "\u0418\u043d\u0436\u0435\u043d\u0435\u0440",
    "LocalizationCode": "ru-Ru",
    "IsSystem": false,
    "CreateDatetime": "2024-07-10T14:51:10.438+05:30",
    "UpdateDatetime": "2024-07-10T14:51:23.663+05:30"
  },
  {
    "_id": 133,
    "Scenario": {
      "$id": 17,
      "$ref": "ScenarioData"
    },
    "ImagePath": "pack://application:,,,/Resources/Images/Roles/medic.png",
    "IsDeleted": false,
    "Code": "Medic",
    "DisplayName": "\u041c\u0435\u0434\u0438\u043a",
    "LocalizationCode": "ru-Ru",
    "IsSystem": false,
    "CreateDatetime": "2024-07-10T14:51:10.448+05:30",
    "UpdateDatetime": "2024-07-10T14:51:23.663+05:30"
  },
  {
    "_id": 134,
    "Scenario": {
      "$id": 18,
      "$ref": "ScenarioData"
    },
    "ImagePath": "pack://application:,,,/Resources/Images/Roles/sniper.png",
    "IsDeleted": false,
    "Code": "Sniper",
    "DisplayName": "\u0421\u043d\u0430\u0439\u043f\u0435\u0440",
    "LocalizationCode": "ru-Ru",
    "IsSystem": false,
    "CreateDatetime": "2024-07-10T14:51:10.461+05:30",
    "UpdateDatetime": "2024-07-10T14:51:23.663+05:30"
  },
  {
    "_id": 135,
    "Scenario": {
      "$id": 18,
      "$ref": "ScenarioData"
    },
    "ImagePath": "pack://application:,,,/Resources/Images/Roles/stormtrooper.png",
    "IsDeleted": false,
    "Code": "StormTrooper",
    "DisplayName": "\u0428\u0442\u0443\u0440\u043c\u043e\u0432\u0438\u043a",
    "LocalizationCode": "ru-Ru",
    "IsSystem": false,
    "CreateDatetime": "2024-07-10T14:51:10.47+05:30",
    "UpdateDatetime": "2024-07-10T14:51:23.663+05:30"
  },
  {
    "_id": 136,
    "Scenario": {
      "$id": 18,
      "$ref": "ScenarioData"
    },
    "ImagePath": "pack://application:,,,/Resources/Images/Roles/scout.png",
    "IsDeleted": false,
    "Code": "Scout",
    "DisplayName": "\u0420\u0430\u0437\u0432\u0435\u0434\u0447\u0438\u043a",
    "LocalizationCode": "ru-Ru",
    "IsSystem": false,
    "CreateDatetime": "2024-07-10T14:51:10.48+05:30",
    "UpdateDatetime": "2024-07-10T14:51:23.663+05:30"
  },
  {
    "_id": 137,
    "Scenario": {
      "$id": 18,
      "$ref": "ScenarioData"
    },
    "ImagePath": "pack://application:,,,/Resources/Images/Roles/machinegunner.png",
    "IsDeleted": false,
    "Code": "MachineGunner",
    "DisplayName": "\u041f\u0443\u043b\u0435\u043c\u0435\u0442\u0447\u0438\u043a",
    "LocalizationCode": "ru-Ru",
    "IsSystem": false,
    "CreateDatetime": "2024-07-10T14:51:10.489+05:30",
    "UpdateDatetime": "2024-07-10T14:51:23.663+05:30"
  },
  {
    "_id": 138,
    "Scenario": {
      "$id": 18,
      "$ref": "ScenarioData"
    },
    "ImagePath": "pack://application:,,,/Resources/Images/Roles/commander.png",
    "IsDeleted": false,
    "Code": "Commander",
    "DisplayName": "\u041a\u043e\u043c\u0430\u043d\u0434\u0438\u0440",
    "LocalizationCode": "ru-Ru",
    "IsSystem": false,
    "CreateDatetime": "2024-07-10T14:51:10.5+05:30",
    "UpdateDatetime": "2024-07-10T14:51:23.663+05:30"
  },
  {
    "_id": 139,
    "Scenario": {
      "$id": 18,
      "$ref": "ScenarioData"
    },
    "ImagePath": "pack://application:,,,/Resources/Images/Roles/engineer.png",
    "IsDeleted": false,
    "Code": "Engineer",
    "DisplayName": "\u0418\u043d\u0436\u0435\u043d\u0435\u0440",
    "LocalizationCode": "ru-Ru",
    "IsSystem": false,
    "CreateDatetime": "2024-07-10T14:51:10.509+05:30",
    "UpdateDatetime": "2024-07-10T14:51:23.663+05:30"
  },
  {
    "_id": 140,
    "Scenario": {
      "$id": 18,
      "$ref": "ScenarioData"
    },
    "ImagePath": "pack://application:,,,/Resources/Images/Roles/medic.png",
    "IsDeleted": false,
    "Code": "Medic",
    "DisplayName": "\u041c\u0435\u0434\u0438\u043a",
    "LocalizationCode": "ru-Ru",
    "IsSystem": false,
    "CreateDatetime": "2024-07-10T14:51:10.52+05:30",
    "UpdateDatetime": "2024-07-10T14:51:23.663+05:30"
  },
  {
    "_id": 141,
    "Scenario": {
      "$id": 19,
      "$ref": "ScenarioData"
    },
    "ImagePath": "pack://application:,,,/Resources/Images/Roles/sniper.png",
    "IsDeleted": false,
    "Code": "Sniper",
    "DisplayName": "\u0421\u043d\u0430\u0439\u043f\u0435\u0440",
    "LocalizationCode": "ru-Ru",
    "IsSystem": false,
    "CreateDatetime": "2024-07-10T14:51:10.533+05:30",
    "UpdateDatetime": "2024-07-10T14:51:23.663+05:30"
  },
  {
    "_id": 142,
    "Scenario": {
      "$id": 19,
      "$ref": "ScenarioData"
    },
    "ImagePath": "pack://application:,,,/Resources/Images/Roles/stormtrooper.png",
    "IsDeleted": false,
    "Code": "StormTrooper",
    "DisplayName": "\u0428\u0442\u0443\u0440\u043c\u043e\u0432\u0438\u043a",
    "LocalizationCode": "ru-Ru",
    "IsSystem": false,
    "CreateDatetime": "2024-07-10T14:51:10.541+05:30",
    "UpdateDatetime": "2024-07-10T14:51:23.663+05:30"
  },
  {
    "_id": 143,
    "Scenario": {
      "$id": 19,
      "$ref": "ScenarioData"
    },
    "ImagePath": "pack://application:,,,/Resources/Images/Roles/scout.png",
    "IsDeleted": false,
    "Code": "Scout",
    "DisplayName": "\u0420\u0430\u0437\u0432\u0435\u0434\u0447\u0438\u043a",
    "LocalizationCode": "ru-Ru",
    "IsSystem": false,
    "CreateDatetime": "2024-07-10T14:51:10.552+05:30",
    "UpdateDatetime": "2024-07-10T14:51:23.663+05:30"
  },
  {
    "_id": 144,
    "Scenario": {
      "$id": 19,
      "$ref": "ScenarioData"
    },
    "ImagePath": "pack://application:,,,/Resources/Images/Roles/machinegunner.png",
    "IsDeleted": false,
    "Code": "MachineGunner",
    "DisplayName": "\u041f\u0443\u043b\u0435\u043c\u0435\u0442\u0447\u0438\u043a",
    "LocalizationCode": "ru-Ru",
    "IsSystem": false,
    "CreateDatetime": "2024-07-10T14:51:10.563+05:30",
    "UpdateDatetime": "2024-07-10T14:51:23.663+05:30"
  },
  {
    "_id": 145,
    "Scenario": {
      "$id": 19,
      "$ref": "ScenarioData"
    },
    "ImagePath": "pack://application:,,,/Resources/Images/Roles/commander.png",
    "IsDeleted": false,
    "Code": "Commander",
    "DisplayName": "\u041a\u043e\u043c\u0430\u043d\u0434\u0438\u0440",
    "LocalizationCode": "ru-Ru",
    "IsSystem": false,
    "CreateDatetime": "2024-07-10T14:51:10.572+05:30",
    "UpdateDatetime": "2024-07-10T14:51:23.663+05:30"
  },
  {
    "_id": 146,
    "Scenario": {
      "$id": 19,
      "$ref": "ScenarioData"
    },
    "ImagePath": "pack://application:,,,/Resources/Images/Roles/engineer.png",
    "IsDeleted": false,
    "Code": "Engineer",
    "DisplayName": "\u0418\u043d\u0436\u0435\u043d\u0435\u0440",
    "LocalizationCode": "ru-Ru",
    "IsSystem": false,
    "CreateDatetime": "2024-07-10T14:51:10.585+05:30",
    "UpdateDatetime": "2024-07-10T14:51:23.663+05:30"
  },
  {
    "_id": 147,
    "Scenario": {
      "$id": 19,
      "$ref": "ScenarioData"
    },
    "ImagePath": "pack://application:,,,/Resources/Images/Roles/medic.png",
    "IsDeleted": false,
    "Code": "Medic",
    "DisplayName": "\u041c\u0435\u0434\u0438\u043a",
    "LocalizationCode": "ru-Ru",
    "IsSystem": false,
    "CreateDatetime": "2024-07-10T14:51:10.594+05:30",
    "UpdateDatetime": "2024-07-10T14:51:23.663+05:30"
  },
  {
    "_id": 148,
    "Scenario": {
      "$id": 20,
      "$ref": "ScenarioData"
    },
    "ImagePath": "pack://application:,,,/Resources/Images/Roles/sniper.png",
    "IsDeleted": false,
    "Code": "Sniper",
    "DisplayName": "\u0421\u043d\u0430\u0439\u043f\u0435\u0440",
    "LocalizationCode": "ru-Ru",
    "IsSystem": false,
    "CreateDatetime": "2024-07-10T14:51:10.609+05:30",
    "UpdateDatetime": "2024-07-10T14:51:23.663+05:30"
  },
  {
    "_id": 149,
    "Scenario": {
      "$id": 20,
      "$ref": "ScenarioData"
    },
    "ImagePath": "pack://application:,,,/Resources/Images/Roles/stormtrooper.png",
    "IsDeleted": false,
    "Code": "StormTrooper",
    "DisplayName": "\u0428\u0442\u0443\u0440\u043c\u043e\u0432\u0438\u043a",
    "LocalizationCode": "ru-Ru",
    "IsSystem": false,
    "CreateDatetime": "2024-07-10T14:51:10.621+05:30",
    "UpdateDatetime": "2024-07-10T14:51:23.663+05:30"
  },
  {
    "_id": 150,
    "Scenario": {
      "$id": 20,
      "$ref": "ScenarioData"
    },
    "ImagePath": "pack://application:,,,/Resources/Images/Roles/scout.png",
    "IsDeleted": false,
    "Code": "Scout",
    "DisplayName": "\u0420\u0430\u0437\u0432\u0435\u0434\u0447\u0438\u043a",
    "LocalizationCode": "ru-Ru",
    "IsSystem": false,
    "CreateDatetime": "2024-07-10T14:51:10.632+05:30",
    "UpdateDatetime": "2024-07-10T14:51:23.663+05:30"
  },
  {
    "_id": 151,
    "Scenario": {
      "$id": 20,
      "$ref": "ScenarioData"
    },
    "ImagePath": "pack://application:,,,/Resources/Images/Roles/machinegunner.png",
    "IsDeleted": false,
    "Code": "MachineGunner",
    "DisplayName": "\u041f\u0443\u043b\u0435\u043c\u0435\u0442\u0447\u0438\u043a",
    "LocalizationCode": "ru-Ru",
    "IsSystem": false,
    "CreateDatetime": "2024-07-10T14:51:10.642+05:30",
    "UpdateDatetime": "2024-07-10T14:51:23.663+05:30"
  },
  {
    "_id": 152,
    "Scenario": {
      "$id": 20,
      "$ref": "ScenarioData"
    },
    "ImagePath": "pack://application:,,,/Resources/Images/Roles/commander.png",
    "IsDeleted": false,
    "Code": "Commander",
    "DisplayName": "\u041a\u043e\u043c\u0430\u043d\u0434\u0438\u0440",
    "LocalizationCode": "ru-Ru",
    "IsSystem": false,
    "CreateDatetime": "2024-07-10T14:51:10.653+05:30",
    "UpdateDatetime": "2024-07-10T14:51:23.663+05:30"
  },
  {
    "_id": 153,
    "Scenario": {
      "$id": 20,
      "$ref": "ScenarioData"
    },
    "ImagePath": "pack://application:,,,/Resources/Images/Roles/engineer.png",
    "IsDeleted": false,
    "Code": "Engineer",
    "DisplayName": "\u0418\u043d\u0436\u0435\u043d\u0435\u0440",
    "LocalizationCode": "ru-Ru",
    "IsSystem": false,
    "CreateDatetime": "2024-07-10T14:51:10.664+05:30",
    "UpdateDatetime": "2024-07-10T14:51:23.663+05:30"
  },
  {
    "_id": 154,
    "Scenario": {
      "$id": 20,
      "$ref": "ScenarioData"
    },
    "ImagePath": "pack://application:,,,/Resources/Images/Roles/medic.png",
    "IsDeleted": false,
    "Code": "Medic",
    "DisplayName": "\u041c\u0435\u0434\u0438\u043a",
    "LocalizationCode": "ru-Ru",
    "IsSystem": false,
    "CreateDatetime": "2024-07-10T14:51:10.677+05:30",
    "UpdateDatetime": "2024-07-10T14:51:23.663+05:30"
  },
  {
    "_id": 295,
    "Scenario": {
      "$id": 1,
      "$ref": "ScenarioData"
    },
    "ImagePath": "pack://application:,,,/Resources/Images/Roles/custom.jpg",
    "IsDeleted": false,
    "IsScenarioDefaultRole": true,
    "Code": "Default",
    "DisplayName": "\u041f\u043e \u0443\u043c\u043e\u043b\u0447\u0430\u043d\u0438\u044e",
    "LocalizationCode": "ru-Ru",
    "IsSystem": false,
    "CreateDatetime": "2024-07-10T14:51:23.468+05:30",
    "UpdateDatetime": "2024-07-10T14:55:48.882+05:30"
  },
  {
    "_id": 296,
    "Scenario": {
      "$id": 2,
      "$ref": "ScenarioData"
    },
    "ImagePath": "pack://application:,,,/Resources/Images/Roles/custom.jpg",
    "IsDeleted": false,
    "IsScenarioDefaultRole": false,
    "Code": "Default",
    "DisplayName": "\u041f\u043e \u0443\u043c\u043e\u043b\u0447\u0430\u043d\u0438\u044e",
    "LocalizationCode": "ru-Ru",
    "IsSystem": false,
    "CreateDatetime": "2024-07-10T14:51:23.468+05:30",
    "UpdateDatetime": "2024-07-10T15:43:28.339+05:30"
  },
  {
    "_id": 297,
    "Scenario": {
      "$id": 3,
      "$ref": "ScenarioData"
    },
    "ImagePath": "pack://application:,,,/Resources/Images/Roles/custom.jpg",
    "IsDeleted": false,
    "IsScenarioDefaultRole": true,
    "Code": "Default",
    "DisplayName": "\u041f\u043e \u0443\u043c\u043e\u043b\u0447\u0430\u043d\u0438\u044e",
    "LocalizationCode": "ru-Ru",
    "IsSystem": false,
    "CreateDatetime": "2024-07-10T14:51:23.468+05:30",
    "UpdateDatetime": "2024-07-10T14:55:48.903+05:30"
  },
  {
    "_id": 298,
    "Scenario": {
      "$id": 4,
      "$ref": "ScenarioData"
    },
    "ImagePath": "pack://application:,,,/Resources/Images/Roles/custom.jpg",
    "IsDeleted": false,
    "IsScenarioDefaultRole": true,
    "Code": "Default",
    "DisplayName": "\u041f\u043e \u0443\u043c\u043e\u043b\u0447\u0430\u043d\u0438\u044e",
    "LocalizationCode": "ru-Ru",
    "IsSystem": false,
    "CreateDatetime": "2024-07-10T14:51:23.468+05:30",
    "UpdateDatetime": "2024-07-10T14:55:48.903+05:30"
  },
  {
    "_id": 299,
    "Scenario": {
      "$id": 5,
      "$ref": "ScenarioData"
    },
    "ImagePath": "pack://application:,,,/Resources/Images/Roles/custom.jpg",
    "IsDeleted": false,
    "IsScenarioDefaultRole": true,
    "Code": "Default",
    "DisplayName": "\u041f\u043e \u0443\u043c\u043e\u043b\u0447\u0430\u043d\u0438\u044e",
    "LocalizationCode": "ru-Ru",
    "IsSystem": false,
    "CreateDatetime": "2024-07-10T14:51:23.468+05:30",
    "UpdateDatetime": "2024-07-10T14:55:48.903+05:30"
  },
  {
    "_id": 300,
    "Scenario": {
      "$id": 6,
      "$ref": "ScenarioData"
    },
    "ImagePath": "pack://application:,,,/Resources/Images/Roles/custom.jpg",
    "IsDeleted": false,
    "IsScenarioDefaultRole": true,
    "Code": "Default",
    "DisplayName": "\u041f\u043e \u0443\u043c\u043e\u043b\u0447\u0430\u043d\u0438\u044e",
    "LocalizationCode": "ru-Ru",
    "IsSystem": false,
    "CreateDatetime": "2024-07-10T14:51:23.468+05:30",
    "UpdateDatetime": "2024-07-10T14:55:48.903+05:30"
  },
  {
    "_id": 301,
    "Scenario": {
      "$id": 7,
      "$ref": "ScenarioData"
    },
    "ImagePath": "pack://application:,,,/Resources/Images/Roles/custom.jpg",
    "IsDeleted": false,
    "IsScenarioDefaultRole": true,
    "Code": "Default",
    "DisplayName": "\u041f\u043e \u0443\u043c\u043e\u043b\u0447\u0430\u043d\u0438\u044e",
    "LocalizationCode": "ru-Ru",
    "IsSystem": false,
    "CreateDatetime": "2024-07-10T14:51:23.468+05:30",
    "UpdateDatetime": "2024-07-10T14:55:48.903+05:30"
  },
  {
    "_id": 302,
    "Scenario": {
      "$id": 8,
      "$ref": "ScenarioData"
    },
    "ImagePath": "pack://application:,,,/Resources/Images/Roles/custom.jpg",
    "IsDeleted": false,
    "IsScenarioDefaultRole": true,
    "Code": "Default",
    "DisplayName": "\u041f\u043e \u0443\u043c\u043e\u043b\u0447\u0430\u043d\u0438\u044e",
    "LocalizationCode": "ru-Ru",
    "IsSystem": false,
    "CreateDatetime": "2024-07-10T14:51:23.469+05:30",
    "UpdateDatetime": "2024-07-10T14:55:48.903+05:30"
  },
  {
    "_id": 303,
    "Scenario": {
      "$id": 9,
      "$ref": "ScenarioData"
    },
    "ImagePath": "pack://application:,,,/Resources/Images/Roles/custom.jpg",
    "IsDeleted": false,
    "IsScenarioDefaultRole": true,
    "Code": "Default",
    "DisplayName": "\u041f\u043e \u0443\u043c\u043e\u043b\u0447\u0430\u043d\u0438\u044e",
    "LocalizationCode": "ru-Ru",
    "IsSystem": false,
    "CreateDatetime": "2024-07-10T14:51:23.469+05:30",
    "UpdateDatetime": "2024-07-10T14:55:48.903+05:30"
  },
  {
    "_id": 304,
    "Scenario": {
      "$id": 10,
      "$ref": "ScenarioData"
    },
    "ImagePath": "pack://application:,,,/Resources/Images/Roles/custom.jpg",
    "IsDeleted": false,
    "IsScenarioDefaultRole": true,
    "Code": "Default",
    "DisplayName": "\u041f\u043e \u0443\u043c\u043e\u043b\u0447\u0430\u043d\u0438\u044e",
    "LocalizationCode": "ru-Ru",
    "IsSystem": false,
    "CreateDatetime": "2024-07-10T14:51:23.469+05:30",
    "UpdateDatetime": "2024-07-10T14:55:48.903+05:30"
  },
  {
    "_id": 305,
    "Scenario": {
      "$id": 11,
      "$ref": "ScenarioData"
    },
    "ImagePath": "pack://application:,,,/Resources/Images/Roles/custom.jpg",
    "IsDeleted": false,
    "IsScenarioDefaultRole": true,
    "Code": "Default",
    "DisplayName": "\u041f\u043e \u0443\u043c\u043e\u043b\u0447\u0430\u043d\u0438\u044e",
    "LocalizationCode": "ru-Ru",
    "IsSystem": false,
    "CreateDatetime": "2024-07-10T14:51:23.469+05:30",
    "UpdateDatetime": "2024-07-10T14:55:48.904+05:30"
  },
  {
    "_id": 306,
    "Scenario": {
      "$id": 12,
      "$ref": "ScenarioData"
    },
    "ImagePath": "pack://application:,,,/Resources/Images/Roles/custom.jpg",
    "IsDeleted": false,
    "IsScenarioDefaultRole": true,
    "Code": "Default",
    "DisplayName": "\u041f\u043e \u0443\u043c\u043e\u043b\u0447\u0430\u043d\u0438\u044e",
    "LocalizationCode": "ru-Ru",
    "IsSystem": false,
    "CreateDatetime": "2024-07-10T14:51:23.469+05:30",
    "UpdateDatetime": "2024-07-10T14:55:48.904+05:30"
  },
  {
    "_id": 307,
    "Scenario": {
      "$id": 15,
      "$ref": "ScenarioData"
    },
    "ImagePath": "pack://application:,,,/Resources/Images/Roles/custom.jpg",
    "IsDeleted": false,
    "IsScenarioDefaultRole": true,
    "Code": "Default",
    "DisplayName": "\u041f\u043e \u0443\u043c\u043e\u043b\u0447\u0430\u043d\u0438\u044e",
    "LocalizationCode": "ru-Ru",
    "IsSystem": false,
    "CreateDatetime": "2024-07-10T14:51:23.469+05:30",
    "UpdateDatetime": "2024-07-10T14:55:48.904+05:30"
  },
  {
    "_id": 308,
    "Scenario": {
      "$id": 16,
      "$ref": "ScenarioData"
    },
    "ImagePath": "pack://application:,,,/Resources/Images/Roles/custom.jpg",
    "IsDeleted": false,
    "IsScenarioDefaultRole": true,
    "Code": "Default",
    "DisplayName": "\u041f\u043e \u0443\u043c\u043e\u043b\u0447\u0430\u043d\u0438\u044e",
    "LocalizationCode": "ru-Ru",
    "IsSystem": false,
    "CreateDatetime": "2024-07-10T14:51:23.469+05:30",
    "UpdateDatetime": "2024-07-10T14:55:48.904+05:30"
  },
  {
    "_id": 309,
    "Scenario": {
      "$id": 17,
      "$ref": "ScenarioData"
    },
    "ImagePath": "pack://application:,,,/Resources/Images/Roles/custom.jpg",
    "IsDeleted": false,
    "IsScenarioDefaultRole": true,
    "Code": "Default",
    "DisplayName": "\u041f\u043e \u0443\u043c\u043e\u043b\u0447\u0430\u043d\u0438\u044e",
    "LocalizationCode": "ru-Ru",
    "IsSystem": false,
    "CreateDatetime": "2024-07-10T14:51:23.469+05:30",
    "UpdateDatetime": "2024-07-10T14:55:48.904+05:30"
  },
  {
    "_id": 310,
    "Scenario": {
      "$id": 18,
      "$ref": "ScenarioData"
    },
    "ImagePath": "pack://application:,,,/Resources/Images/Roles/custom.jpg",
    "IsDeleted": false,
    "IsScenarioDefaultRole": true,
    "Code": "Default",
    "DisplayName": "\u041f\u043e \u0443\u043c\u043e\u043b\u0447\u0430\u043d\u0438\u044e",
    "LocalizationCode": "ru-Ru",
    "IsSystem": false,
    "CreateDatetime": "2024-07-10T14:51:23.469+05:30",
    "UpdateDatetime": "2024-07-10T14:55:48.904+05:30"
  },
  {
    "_id": 311,
    "Scenario": {
      "$id": 19,
      "$ref": "ScenarioData"
    },
    "ImagePath": "pack://application:,,,/Resources/Images/Roles/custom.jpg",
    "IsDeleted": false,
    "IsScenarioDefaultRole": true,
    "Code": "Default",
    "DisplayName": "\u041f\u043e \u0443\u043c\u043e\u043b\u0447\u0430\u043d\u0438\u044e",
    "LocalizationCode": "ru-Ru",
    "IsSystem": false,
    "CreateDatetime": "2024-07-10T14:51:23.469+05:30",
    "UpdateDatetime": "2024-07-10T14:55:48.904+05:30"
  },
  {
    "_id": 312,
    "Scenario": {
      "$id": 20,
      "$ref": "ScenarioData"
    },
    "ImagePath": "pack://application:,,,/Resources/Images/Roles/custom.jpg",
    "IsDeleted": false,
    "IsScenarioDefaultRole": true,
    "Code": "Default",
    "DisplayName": "\u041f\u043e \u0443\u043c\u043e\u043b\u0447\u0430\u043d\u0438\u044e",
    "LocalizationCode": "ru-Ru",
    "IsSystem": false,
    "CreateDatetime": "2024-07-10T14:51:23.469+05:30",
    "UpdateDatetime": "2024-07-10T14:55:48.904+05:30"
  },
  {
    "_id": 331,
    "ImagePath": "pack://application:,,,/Resources/Images/Roles/custom.jpg",
    "IsDeleted": false,
    "IsScenarioDefaultRole": true,
    "Code": "Default",
    "DisplayName": "Default",
    "Description": "Default role",
    "LocalizationCode": "en-US",
    "IsSystem": true,
    "CreateDatetime": "2024-07-10T14:51:23.796+05:30",
    "UpdateDatetime": "2024-07-10T14:55:48.904+05:30"
  },
  {
    "_id": 332,
    "Scenario": {
      "$id": 1,
      "$ref": "ScenarioData"
    },
    "IsDeleted": false,
    "IsScenarioDefaultRole": false,
    "Code": "Target",
    "DisplayName": "Target",
    "LocalizationCode": "ru-Ru",
    "IsSystem": true,
    "CreateDatetime": "2024-07-10T14:55:48.952+05:30",
    "UpdateDatetime": "2024-07-10T14:55:48.952+05:30"
  },
  {
    "_id": 333,
    "Scenario": {
      "$id": 2,
      "$ref": "ScenarioData"
    },
    "IsDeleted": false,
    "IsScenarioDefaultRole": false,
    "Code": "Target",
    "DisplayName": "Target",
    "LocalizationCode": "ru-Ru",
    "IsSystem": true,
    "CreateDatetime": "2024-07-10T14:55:48.953+05:30",
    "UpdateDatetime": "2024-07-10T15:43:28.359+05:30"
  },
  {
    "_id": 334,
    "Scenario": {
      "$id": 3,
      "$ref": "ScenarioData"
    },
    "IsDeleted": false,
    "IsScenarioDefaultRole": false,
    "Code": "Target",
    "DisplayName": "Target",
    "LocalizationCode": "ru-Ru",
    "IsSystem": true,
    "CreateDatetime": "2024-07-10T14:55:48.953+05:30",
    "UpdateDatetime": "2024-07-10T14:55:48.953+05:30"
  },
  {
    "_id": 335,
    "Scenario": {
      "$id": 4,
      "$ref": "ScenarioData"
    },
    "IsDeleted": false,
    "IsScenarioDefaultRole": false,
    "Code": "Target",
    "DisplayName": "Target",
    "LocalizationCode": "ru-Ru",
    "IsSystem": true,
    "CreateDatetime": "2024-07-10T14:55:48.953+05:30",
    "UpdateDatetime": "2024-07-10T14:55:48.953+05:30"
  },
  {
    "_id": 336,
    "Scenario": {
      "$id": 5,
      "$ref": "ScenarioData"
    },
    "IsDeleted": false,
    "IsScenarioDefaultRole": false,
    "Code": "Target",
    "DisplayName": "Target",
    "LocalizationCode": "ru-Ru",
    "IsSystem": true,
    "CreateDatetime": "2024-07-10T14:55:48.953+05:30",
    "UpdateDatetime": "2024-07-10T14:55:48.953+05:30"
  },
  {
    "_id": 337,
    "Scenario": {
      "$id": 6,
      "$ref": "ScenarioData"
    },
    "IsDeleted": false,
    "IsScenarioDefaultRole": false,
    "Code": "Target",
    "DisplayName": "Target",
    "LocalizationCode": "ru-Ru",
    "IsSystem": true,
    "CreateDatetime": "2024-07-10T14:55:48.954+05:30",
    "UpdateDatetime": "2024-07-10T14:55:48.954+05:30"
  },
  {
    "_id": 338,
    "Scenario": {
      "$id": 7,
      "$ref": "ScenarioData"
    },
    "IsDeleted": false,
    "IsScenarioDefaultRole": false,
    "Code": "Target",
    "DisplayName": "Target",
    "LocalizationCode": "ru-Ru",
    "IsSystem": true,
    "CreateDatetime": "2024-07-10T14:55:48.954+05:30",
    "UpdateDatetime": "2024-07-10T14:55:48.954+05:30"
  },
  {
    "_id": 339,
    "Scenario": {
      "$id": 8,
      "$ref": "ScenarioData"
    },
    "IsDeleted": false,
    "IsScenarioDefaultRole": false,
    "Code": "Target",
    "DisplayName": "Target",
    "LocalizationCode": "ru-Ru",
    "IsSystem": true,
    "CreateDatetime": "2024-07-10T14:55:48.954+05:30",
    "UpdateDatetime": "2024-07-10T14:55:48.954+05:30"
  },
  {
    "_id": 340,
    "Scenario": {
      "$id": 9,
      "$ref": "ScenarioData"
    },
    "IsDeleted": false,
    "IsScenarioDefaultRole": false,
    "Code": "Target",
    "DisplayName": "Target",
    "LocalizationCode": "ru-Ru",
    "IsSystem": true,
    "CreateDatetime": "2024-07-10T14:55:48.955+05:30",
    "UpdateDatetime": "2024-07-10T14:55:48.955+05:30"
  },
  {
    "_id": 341,
    "Scenario": {
      "$id": 10,
      "$ref": "ScenarioData"
    },
    "IsDeleted": false,
    "IsScenarioDefaultRole": false,
    "Code": "Target",
    "DisplayName": "Target",
    "LocalizationCode": "ru-Ru",
    "IsSystem": true,
    "CreateDatetime": "2024-07-10T14:55:48.955+05:30",
    "UpdateDatetime": "2024-07-10T14:55:48.955+05:30"
  },
  {
    "_id": 342,
    "Scenario": {
      "$id": 11,
      "$ref": "ScenarioData"
    },
    "IsDeleted": false,
    "IsScenarioDefaultRole": false,
    "Code": "Target",
    "DisplayName": "Target",
    "LocalizationCode": "ru-Ru",
    "IsSystem": true,
    "CreateDatetime": "2024-07-10T14:55:48.955+05:30",
    "UpdateDatetime": "2024-07-10T14:55:48.955+05:30"
  },
  {
    "_id": 343,
    "Scenario": {
      "$id": 12,
      "$ref": "ScenarioData"
    },
    "IsDeleted": false,
    "IsScenarioDefaultRole": false,
    "Code": "Target",
    "DisplayName": "Target",
    "LocalizationCode": "ru-Ru",
    "IsSystem": true,
    "CreateDatetime": "2024-07-10T14:55:48.955+05:30",
    "UpdateDatetime": "2024-07-10T14:55:48.955+05:30"
  },
  {
    "_id": 344,
    "Scenario": {
      "$id": 15,
      "$ref": "ScenarioData"
    },
    "IsDeleted": false,
    "IsScenarioDefaultRole": false,
    "Code": "Target",
    "DisplayName": "Target",
    "LocalizationCode": "ru-Ru",
    "IsSystem": true,
    "CreateDatetime": "2024-07-10T14:55:48.955+05:30",
    "UpdateDatetime": "2024-07-10T14:55:48.955+05:30"
  },
  {
    "_id": 345,
    "Scenario": {
      "$id": 16,
      "$ref": "ScenarioData"
    },
    "IsDeleted": false,
    "IsScenarioDefaultRole": false,
    "Code": "Target",
    "DisplayName": "Target",
    "LocalizationCode": "ru-Ru",
    "IsSystem": true,
    "CreateDatetime": "2024-07-10T14:55:48.956+05:30",
    "UpdateDatetime": "2024-07-10T14:55:48.956+05:30"
  },
  {
    "_id": 346,
    "Scenario": {
      "$id": 17,
      "$ref": "ScenarioData"
    },
    "IsDeleted": false,
    "IsScenarioDefaultRole": false,
    "Code": "Target",
    "DisplayName": "Target",
    "LocalizationCode": "ru-Ru",
    "IsSystem": true,
    "CreateDatetime": "2024-07-10T14:55:48.956+05:30",
    "UpdateDatetime": "2024-07-10T14:55:48.956+05:30"
  },
  {
    "_id": 347,
    "Scenario": {
      "$id": 18,
      "$ref": "ScenarioData"
    },
    "IsDeleted": false,
    "IsScenarioDefaultRole": false,
    "Code": "Target",
    "DisplayName": "Target",
    "LocalizationCode": "ru-Ru",
    "IsSystem": true,
    "CreateDatetime": "2024-07-10T14:55:48.957+05:30",
    "UpdateDatetime": "2024-07-10T14:55:48.957+05:30"
  },
  {
    "_id": 348,
    "Scenario": {
      "$id": 19,
      "$ref": "ScenarioData"
    },
    "IsDeleted": false,
    "IsScenarioDefaultRole": false,
    "Code": "Target",
    "DisplayName": "Target",
    "LocalizationCode": "ru-Ru",
    "IsSystem": true,
    "CreateDatetime": "2024-07-10T14:55:48.957+05:30",
    "UpdateDatetime": "2024-07-10T14:55:48.957+05:30"
  },
  {
    "_id": 349,
    "Scenario": {
      "$id": 20,
      "$ref": "ScenarioData"
    },
    "IsDeleted": false,
    "IsScenarioDefaultRole": false,
    "Code": "Target",
    "DisplayName": "Target",
    "LocalizationCode": "ru-Ru",
    "IsSystem": true,
    "CreateDatetime": "2024-07-10T14:55:48.957+05:30",
    "UpdateDatetime": "2024-07-10T14:55:48.957+05:30"
  }
]