[
  {
    "_id": 1,
    "Tournament": {
      "$id": 1,
      "$ref": "TournamentData"
    },
    "Category": {
      "$id": 1,
      "$ref": "CategoryData"
    },
    "Team": {
      "$id": 1,
      "$ref": "TeamData"
    },
    "CreateDatetime": "2024-07-16T17:52:13.423+05:30",
    "UpdateDatetime": "2024-07-16T17:52:13.423+05:30"
  },
  {
    "_id": 2,
    "Tournament": {
      "$id": 1,
      "$ref": "TournamentData"
    },
    "Category": {
      "$id": 1,
      "$ref": "CategoryData"
    },
    "Team": {
      "$id": 2,
      "$ref": "TeamData"
    },
    "CreateDatetime": "2024-07-16T17:58:33.442+05:30",
    "UpdateDatetime": "2024-07-16T17:58:33.442+05:30"
  },
  {
    "_id": 3,
    "Tournament": {
      "$id": 2,
      "$ref": "TournamentData"
    },
    "Category": {
      "$id": 2,
      "$ref": "CategoryData"
    },
    "Team": {
      "$id": 5,
      "$ref": "TeamData"
    },
    "CreateDatetime": "2024-07-16T18:16:53.52+05:30",
    "UpdateDatetime": "2024-07-16T18:16:53.52+05:30"
  },
  {
    "_id": 4,
    "Tournament": {
      "$id": 2,
      "$ref": "TournamentData"
    },
    "Category": {
      "$id": 2,
      "$ref": "CategoryData"
    },
    "Team": {
      "$id": 4,
      "$ref": "TeamData"
    },
    "CreateDatetime": "2024-07-16T18:18:02.95+05:30",
    "UpdateDatetime": "2024-07-16T18:18:02.95+05:30"
  },
  {
    "_id": 5,
    "Tournament": {
      "$id": 2,
      "$ref": "TournamentData"
    },
    "Category": {
      "$id": 2,
      "$ref": "CategoryData"
    },
    "Team": {
      "$id": 3,
      "$ref": "TeamData"
    },
    "CreateDatetime": "2024-07-16T18:18:35.692+05:30",
    "UpdateDatetime": "2024-07-16T18:18:35.692+05:30"
  }
]