[
  {
    "_id": 1,
    "GameStatistic": {
      "$id": 1,
      "$ref": "GameStatisticData"
    },
    "Color": "Red",
    "Name": "Dark Scatter",
    "IsWinner": false,
    "TeamAvatarIndex": 11,
    "RatePoints": 0,
    "DeathsCount": 0,
    "FragsCount": 0,
    "TeammateKillsCount": 0,
    "HitsCount": 0,
    "RevivalsCount": 0,
    "DeviceCapturingsCount": 0,
    "ShotsCount": 0,
    "WoundsCount": 0,
    "TreatmentsCount": 0,
    "CreateDatetime": "2024-07-10T14:57:09.223+05:30",
    "UpdateDatetime": "2024-07-10T14:57:09.223+05:30"
  },
  {
    "_id": 2,
    "GameStatistic": {
      "$id": 1,
      "$ref": "GameStatisticData"
    },
    "Color": "Blue",
    "Name": "Scream Shadow",
    "IsWinner": false,
    "TeamAvatarIndex": 0,
    "RatePoints": 0,
    "DeathsCount": 0,
    "FragsCount": 0,
    "TeammateKillsCount": 0,
    "HitsCount": 0,
    "RevivalsCount": 0,
    "DeviceCapturingsCount": 0,
    "ShotsCount": 0,
    "WoundsCount": 0,
    "TreatmentsCount": 0,
    "CreateDatetime": "2024-07-10T14:57:09.244+05:30",
    "UpdateDatetime": "2024-07-10T14:57:09.244+05:30"
  },
  {
    "_id": 3,
    "GameStatistic": {
      "$id": 2,
      "$ref": "GameStatisticData"
    },
    "Color": "Red",
    "Name": "Scream Shadow",
    "IsWinner": true,
    "TeamAvatarIndex": 11,
    "RatePoints": 2,
    "DeathsCount": 0,
    "FragsCount": 0,
    "TeammateKillsCount": 0,
    "HitsCount": 2,
    "RevivalsCount": 0,
    "DeviceCapturingsCount": 0,
    "ShotsCount": 25,
    "WoundsCount": 0,
    "TreatmentsCount": 0,
    "CreateDatetime": "2024-07-10T16:01:15.603+05:30",
    "UpdateDatetime": "2024-07-10T16:01:15.603+05:30"
  },
  {
    "_id": 4,
    "GameStatistic": {
      "$id": 2,
      "$ref": "GameStatisticData"
    },
    "Color": "Blue",
    "Name": "Dark Scatter",
    "IsWinner": false,
    "TeamAvatarIndex": 2,
    "RatePoints": 0,
    "DeathsCount": 0,
    "FragsCount": 0,
    "TeammateKillsCount": 0,
    "HitsCount": 0,
    "RevivalsCount": 0,
    "DeviceCapturingsCount": 0,
    "ShotsCount": 0,
    "WoundsCount": 2,
    "TreatmentsCount": 0,
    "CreateDatetime": "2024-07-10T16:01:15.629+05:30",
    "UpdateDatetime": "2024-07-10T16:01:15.629+05:30"
  },
  {
    "_id": 5,
    "GameStatistic": {
      "$id": 3,
      "$ref": "GameStatisticData"
    },
    "Color": "Red",
    "Name": "Scream Shadow",
    "IsWinner": true,
    "TeamAvatarIndex": 11,
    "RatePoints": 8,
    "DeathsCount": 0,
    "FragsCount": 1,
    "TeammateKillsCount": 0,
    "HitsCount": 5,
    "RevivalsCount": 0,
    "DeviceCapturingsCount": 0,
    "ShotsCount": 10,
    "WoundsCount": 0,
    "TreatmentsCount": 0,
    "CreateDatetime": "2024-07-10T16:04:44.34+05:30",
    "UpdateDatetime": "2024-07-10T16:04:44.34+05:30"
  },
  {
    "_id": 6,
    "GameStatistic": {
      "$id": 3,
      "$ref": "GameStatisticData"
    },
    "Color": "Blue",
    "Name": "Dark Scatter",
    "IsWinner": false,
    "TeamAvatarIndex": 2,
    "RatePoints": -2,
    "DeathsCount": 1,
    "FragsCount": 0,
    "TeammateKillsCount": 0,
    "HitsCount": 0,
    "RevivalsCount": 0,
    "DeviceCapturingsCount": 0,
    "ShotsCount": 0,
    "WoundsCount": 5,
    "TreatmentsCount": 0,
    "CreateDatetime": "2024-07-10T16:04:44.341+05:30",
    "UpdateDatetime": "2024-07-10T16:04:44.341+05:30"
  }
]