[
  {
    "_id": 1,
    "TeamCard": {
      "$id": 1,
      "$ref": "TeamCardData"
    },
    "Player": {
      "$id": 2,
      "$ref": "PlayerData"
    },
    "CreateDatetime": "2024-07-16T17:56:16.335+05:30",
    "UpdateDatetime": "2024-07-16T17:56:16.335+05:30"
  },
  {
    "_id": 2,
    "TeamCard": {
      "$id": 2,
      "$ref": "TeamCardData"
    },
    "Player": {
      "$id": 1,
      "$ref": "PlayerData"
    },
    "CreateDatetime": "2024-07-16T17:59:00.796+05:30",
    "UpdateDatetime": "2024-07-16T17:59:00.796+05:30"
  },
  {
    "_id": 3,
    "TeamCard": {
      "$id": 3,
      "$ref": "TeamCardData"
    },
    "Player": {
      "$id": 3,
      "$ref": "PlayerData"
    },
    "CreateDatetime": "2024-07-16T18:17:41.255+05:30",
    "UpdateDatetime": "2024-07-16T18:17:41.255+05:30"
  },
  {
    "_id": 4,
    "TeamCard": {
      "$id": 3,
      "$ref": "TeamCardData"
    },
    "Player": {
      "$id": 1,
      "$ref": "PlayerData"
    },
    "CreateDatetime": "2024-07-16T18:17:55.57+05:30",
    "UpdateDatetime": "2024-07-16T18:17:55.57+05:30"
  },
  {
    "_id": 5,
    "TeamCard": {
      "$id": 4,
      "$ref": "TeamCardData"
    },
    "Player": {
      "$id": 4,
      "$ref": "PlayerData"
    },
    "CreateDatetime": "2024-07-16T18:18:19.809+05:30",
    "UpdateDatetime": "2024-07-16T18:18:19.809+05:30"
  },
  {
    "_id": 6,
    "TeamCard": {
      "$id": 4,
      "$ref": "TeamCardData"
    },
    "Player": {
      "$id": 1,
      "$ref": "PlayerData"
    },
    "CreateDatetime": "2024-07-16T18:18:26.951+05:30",
    "UpdateDatetime": "2024-07-16T18:18:26.951+05:30"
  },
  {
    "_id": 7,
    "TeamCard": {
      "$id": 5,
      "$ref": "TeamCardData"
    },
    "Player": {
      "$id": 5,
      "$ref": "PlayerData"
    },
    "CreateDatetime": "2024-07-16T18:19:01.423+05:30",
    "UpdateDatetime": "2024-07-16T18:19:01.423+05:30"
  },
  {
    "_id": 8,
    "TeamCard": {
      "$id": 5,
      "$ref": "TeamCardData"
    },
    "Player": {
      "$id": 6,
      "$ref": "PlayerData"
    },
    "CreateDatetime": "2024-07-16T18:19:16.81+05:30",
    "UpdateDatetime": "2024-07-16T18:19:16.81+05:30"
  }
]