[
  {
    "_id": 1,
    "TeamName": "sssss",
    "CreateDatetime": "2024-07-16T17:52:10.2+05:30",
    "UpdateDatetime": "2024-07-16T17:52:10.2+05:30"
  },
  {
    "_id": 2,
    "TeamName": "ffff",
    "CreateDatetime": "2024-07-16T17:58:29.907+05:30",
    "UpdateDatetime": "2024-07-16T17:58:29.907+05:30"
  },
  {
    "_id": 3,
    "TeamName": "Tango",
    "CreateDatetime": "2024-07-16T18:16:23.502+05:30",
    "UpdateDatetime": "2024-07-16T18:16:23.502+05:30"
  },
  {
    "_id": 4,
    "TeamName": "alpha",
    "CreateDatetime": "2024-07-16T18:16:32.186+05:30",
    "UpdateDatetime": "2024-07-16T18:16:32.186+05:30"
  },
  {
    "_id": 5,
    "TeamName": "Beta",
    "CreateDatetime": "2024-07-16T18:16:42.429+05:30",
    "UpdateDatetime": "2024-07-16T18:16:42.429+05:30"
  }
]