[
  {
    "_id": 1,
    "GameSession": {
      "$id": 1,
      "$ref": "GameSessionStatisticData"
    },
    "GameId": "56cbc0d8-e868-427b-83b9-f2514f9f8768",
    "ScenarioName": "TEAM DEATHMATCH",
    "ScenarioType": "Common",
    "IsCustomScenario": false,
    "GameStartTime": "2024-07-10T14:56:49.217+05:30",
    "GameFinishTime": "2024-07-10T14:57:09.215+05:30",
    "GameDuration": 3000000000,
    "FriendlyFireMode": false,
    "VampireMode": false,
    "IRSensorMode": "Breakage",
    "BackgroundBrightness": 0,
    "DamageGlowColor": "TeamColor",
    "RestoreCatridgesOnRespawn": false,
    "HasFieldDevices": false,
    "DeathPoints": -2,
    "FragPoints": 3,
    "KillTeammatePoints": -2,
    "HitPoints": 1,
    "RevivePoints": -1,
    "FlagSetPoints": 100,
    "DeviceCapturingPoints": 25,
    "DeviceDestroyPoints": 50,
    "DeviceKeepingPoints": 100,
    "DeviceExplosionPoints": 100,
    "GameFinishCondition": "GameDuration",
    "IsOffline": false,
    "TeamsCount": 2,
    "PlayersCount": 2,
    "TeamsColors": [
      "Red",
      "Blue"
    ],
    "LeaderTeamColor": "White",
    "CreateDatetime": "2024-07-10T14:57:09.22+05:30",
    "UpdateDatetime": "2024-07-10T14:57:09.22+05:30"
  },
  {
    "_id": 2,
    "GameSession": {
      "$id": 2,
      "$ref": "GameSessionStatisticData"
    },
    "GameId": "5c6ba909-97fd-4332-8624-783bc4c9e7ec",
    "ScenarioName": "TEAM DEATHMATCH",
    "ScenarioType": "Common",
    "IsCustomScenario": false,
    "GameStartTime": "2024-07-10T15:57:55.56+05:30",
    "GameFinishTime": "2024-07-10T16:01:15.591+05:30",
    "GameDuration": 3000000000,
    "FriendlyFireMode": false,
    "VampireMode": false,
    "IRSensorMode": "Off",
    "BackgroundBrightness": 0,
    "DamageGlowColor": "TeamColor",
    "RestoreCatridgesOnRespawn": true,
    "HasFieldDevices": false,
    "DeathPoints": 3,
    "FragPoints": 3,
    "KillTeammatePoints": -2,
    "HitPoints": 1,
    "RevivePoints": 0,
    "FlagSetPoints": 100,
    "DeviceCapturingPoints": 25,
    "DeviceDestroyPoints": 50,
    "DeviceKeepingPoints": 100,
    "DeviceExplosionPoints": 100,
    "GameFinishCondition": "GameDuration",
    "IsOffline": false,
    "TeamsCount": 2,
    "PlayersCount": 2,
    "TeamsColors": [
      "Red",
      "Blue"
    ],
    "LeaderTeamColor": "Red",
    "CreateDatetime": "2024-07-10T16:01:15.597+05:30",
    "UpdateDatetime": "2024-07-10T16:01:15.597+05:30"
  },
  {
    "_id": 3,
    "GameSession": {
      "$id": 2,
      "$ref": "GameSessionStatisticData"
    },
    "GameId": "14050197-b60b-4385-a940-2eda45c88d61",
    "ScenarioName": "CONTROL POINTS CAPTURE",
    "ScenarioType": "Common",
    "IsCustomScenario": false,
    "GameStartTime": "2024-07-10T16:04:13.999+05:30",
    "GameFinishTime": "2024-07-10T16:04:44.34+05:30",
    "GameDuration": 3000000000,
    "FriendlyFireMode": false,
    "VampireMode": false,
    "IRSensorMode": "Breakage",
    "BackgroundBrightness": 0,
    "DamageGlowColor": "Red",
    "RestoreCatridgesOnRespawn": false,
    "HasFieldDevices": false,
    "DeathPoints": -2,
    "FragPoints": 3,
    "KillTeammatePoints": -2,
    "HitPoints": 1,
    "RevivePoints": -1,
    "FlagSetPoints": 100,
    "DeviceCapturingPoints": 25,
    "DeviceDestroyPoints": 50,
    "DeviceKeepingPoints": 100,
    "DeviceExplosionPoints": 100,
    "GameFinishCondition": "GameDuration",
    "IsOffline": false,
    "TeamsCount": 2,
    "PlayersCount": 2,
    "TeamsColors": [
      "Red",
      "Blue"
    ],
    "LeaderTeamColor": "Red",
    "CreateDatetime": "2024-07-10T16:04:44.34+05:30",
    "UpdateDatetime": "2024-07-10T16:04:44.34+05:30"
  }
]