[
  {
    "_id": 1,
    "ImagePath": "teamdeathmatch.jpg",
    "IsReadOnly": true,
    "IsSoundsOn": true,
    "ShuffleSounds": false,
    "Code": "TeamDeathMatch",
    "DisplayName": "КОМАНДНАЯ БИТВА",
    "Description": "Игроки делятся на две команды. Цель – за время раунда обнаружить и уничтожить отряд противника. Деактивированные игроки ожидают конца раунда в установленном месте, возрождения запрещены. Победителем признаётся команда, в которой по окончании времени раунда осталось больше «живых» игроков.",
    "LocalizationCode": "ru-Ru",
    "IsSystem": true,
    "CreateDatetime": "2024-07-10T14:51:09.499+05:30",
    "UpdateDatetime": "2024-07-10T14:51:26.077+05:30"
  },
  {
    "_id": 2,
    "ImagePath": "c:\\users\\ekaterina\\appdata\\local\\laserwar\\alphatag\\scenarioavatars\\teamdeathmatch.jpg",
    "IsReadOnly": false,
    "IsSoundsOn": true,
    "ShuffleSounds": false,
    "Code": "TeamDeathMatch",
    "DisplayName": "КОМАНДНАЯ БИТВА",
    "Description": "Игроки делятся на две команды. Цель – за время раунда обнаружить и уничтожить отряд противника. Деактивированные игроки ожидают конца раунда в установленном месте, возрождения запрещены. Победителем признаётся команда, в которой по окончании времени раунда осталось больше «живых» игроков.",
    "LocalizationCode": "ru-Ru",
    "IsSystem": true,
    "CreateDatetime": "2024-07-10T14:51:09.636+05:30",
    "UpdateDatetime": "2024-07-10T15:43:28.177+05:30"
  },
  {
    "_id": 3,
    "ImagePath": "pointcapture.jpg",
    "IsReadOnly": true,
    "IsSoundsOn": true,
    "ShuffleSounds": false,
    "Code": "PointCapture",
    "DisplayName": "ЗАХВАТ КОНТРОЛЬНОЙ ТОЧКИ",
    "Description": "Игроки делятся на команды. Задача - добраться до установленных на полигоне контрольных точек раньше соперника, захватить и удерживать их как можно дольше. По окончании раунда каждая точка начнёт мигать цветом команды, которая владела ею дольше других. Победителем признаётся команда, удерживавшая контрольные точки дольше соперника.",
    "LocalizationCode": "ru-Ru",
    "IsSystem": true,
    "CreateDatetime": "2024-07-10T14:51:09.678+05:30",
    "UpdateDatetime": "2024-07-10T14:51:26.078+05:30"
  },
  {
    "_id": 4,
    "ImagePath": "pointcapture.jpg",
    "IsReadOnly": false,
    "IsSoundsOn": true,
    "ShuffleSounds": false,
    "Code": "PointCapture",
    "DisplayName": "ЗАХВАТ КОНТРОЛЬНОЙ ТОЧКИ",
    "Description": "Игроки делятся на команды. Задача - добраться до установленных на полигоне контрольных точек раньше соперника, захватить и удерживать их как можно дольше. По окончании раунда каждая точка начнёт мигать цветом команды, которая владела ею дольше других. Победителем признаётся команда, удерживавшая контрольные точки дольше соперника.",
    "LocalizationCode": "ru-Ru",
    "IsSystem": true,
    "CreateDatetime": "2024-07-10T14:51:09.705+05:30",
    "UpdateDatetime": "2024-07-10T14:51:26.078+05:30"
  },
  {
    "_id": 5,
    "ImagePath": "royalbattle.jpg",
    "IsReadOnly": true,
    "IsSoundsOn": true,
    "ShuffleSounds": false,
    "Code": "RoyalBattle",
    "DisplayName": "КОРОЛЕВСКАЯ БИТВА",
    "Description": "Игроки начинают раунд без оружия - тагеры они должны найти на полигоне самостоятельно. Каждый сам за себя. Убитые игроки не возрождаются. С определённой периодичностью игровая зона уменьшается. Последний оставшийся в живых игрок становится победителем.",
    "LocalizationCode": "ru-Ru",
    "IsSystem": true,
    "CreateDatetime": "2024-07-10T14:51:09.742+05:30",
    "UpdateDatetime": "2024-07-10T14:51:26.078+05:30"
  },
  {
    "_id": 6,
    "ImagePath": "royalbattle.jpg",
    "IsReadOnly": false,
    "IsSoundsOn": true,
    "ShuffleSounds": false,
    "Code": "RoyalBattle",
    "DisplayName": "КОРОЛЕВСКАЯ БИТВА",
    "Description": "Игроки начинают раунд без оружия - тагеры они должны найти на полигоне самостоятельно. Каждый сам за себя. Убитые игроки не возрождаются. С определённой периодичностью игровая зона уменьшается. Последний оставшийся в живых игрок становится победителем.",
    "LocalizationCode": "ru-Ru",
    "IsSystem": true,
    "CreateDatetime": "2024-07-10T14:51:09.775+05:30",
    "UpdateDatetime": "2024-07-10T14:51:26.078+05:30"
  },
  {
    "_id": 7,
    "ImagePath": "waroftheworlds.jpg",
    "IsReadOnly": true,
    "IsSoundsOn": true,
    "ShuffleSounds": false,
    "Code": "WarOfTheWorlds",
    "DisplayName": "ВОЙНА МИРОВ",
    "Description": "Четыре команды, четыре мира. Цель твоей команды – обнаружение и уничтожение противника. Победителем признаётся команда, которая по окончании времени раунда набрала больше всех очков.",
    "LocalizationCode": "ru-Ru",
    "IsSystem": true,
    "CreateDatetime": "2024-07-10T14:51:09.832+05:30",
    "UpdateDatetime": "2024-07-10T14:51:26.078+05:30"
  },
  {
    "_id": 8,
    "ImagePath": "waroftheworlds.jpg",
    "IsReadOnly": false,
    "IsSoundsOn": true,
    "ShuffleSounds": false,
    "Code": "WarOfTheWorlds",
    "DisplayName": "ВОЙНА МИРОВ",
    "Description": "Четыре команды, четыре мира. Цель твоей команды – обнаружение и уничтожение противника. Победителем признаётся команда, которая по окончании времени раунда набрала больше всех очков.",
    "LocalizationCode": "ru-Ru",
    "IsSystem": true,
    "CreateDatetime": "2024-07-10T14:51:09.889+05:30",
    "UpdateDatetime": "2024-07-10T14:51:26.078+05:30"
  },
  {
    "_id": 9,
    "ImagePath": "lasthero.jpg",
    "IsReadOnly": true,
    "IsSoundsOn": true,
    "ShuffleSounds": false,
    "Code": "LastHero",
    "DisplayName": "ПОСЛЕДНИЙ ГЕРОЙ",
    "Description": "Игроки с деактивированными игровыми комплектами разбегаются по полигону. Спустя установленное время происходит активация тагеров. Игра проходит в режиме «каждый сам за себя». Победителем становится последний оставшийся в живых боец.",
    "LocalizationCode": "ru-Ru",
    "IsSystem": true,
    "CreateDatetime": "2024-07-10T14:51:09.942+05:30",
    "UpdateDatetime": "2024-07-10T14:51:26.078+05:30"
  },
  {
    "_id": 10,
    "ImagePath": "lasthero.jpg",
    "IsReadOnly": false,
    "IsSoundsOn": true,
    "ShuffleSounds": false,
    "Code": "LastHero",
    "DisplayName": "ПОСЛЕДНИЙ ГЕРОЙ",
    "Description": "Игроки с деактивированными игровыми комплектами разбегаются по полигону. Спустя установленное время происходит активация тагеров. Игра проходит в режиме «каждый сам за себя». Победителем становится последний оставшийся в живых боец.",
    "LocalizationCode": "ru-Ru",
    "IsSystem": true,
    "CreateDatetime": "2024-07-10T14:51:09.987+05:30",
    "UpdateDatetime": "2024-07-10T14:51:26.078+05:30"
  },
  {
    "_id": 11,
    "ImagePath": "vampireszombie.jpg",
    "IsReadOnly": true,
    "IsSoundsOn": true,
    "ShuffleSounds": false,
    "Code": "VampiresZombies",
    "DisplayName": "ВАМПИРЫ ПРОТИВ ЗОМБИ",
    "Description": "Живые мертвецы и вурдалаки сошлись в битве за главенство над человечеством. Игроки делятся на две команды. Главная особенность сценария в том, что виртуально убитый игрок через некоторое время возрождается в команде соперника. Использование аптечек не предусмотрено. Игра длится до того момента, пока все участники не окажутся в одной команде.",
    "LocalizationCode": "ru-Ru",
    "IsSystem": true,
    "CreateDatetime": "2024-07-10T14:51:10.037+05:30",
    "UpdateDatetime": "2024-07-10T14:51:26.078+05:30"
  },
  {
    "_id": 12,
    "ImagePath": "vampireszombie.jpg",
    "IsReadOnly": false,
    "IsSoundsOn": true,
    "ShuffleSounds": false,
    "Code": "VampiresZombies",
    "DisplayName": "ВАМПИРЫ ПРОТИВ ЗОМБИ",
    "Description": "Живые мертвецы и вурдалаки сошлись в битве за главенство над человечеством. Игроки делятся на две команды. Главная особенность сценария в том, что виртуально убитый игрок через некоторое время возрождается в команде соперника. Использование аптечек не предусмотрено. Игра длится до того момента, пока все участники не окажутся в одной команде.",
    "LocalizationCode": "ru-Ru",
    "IsSystem": true,
    "CreateDatetime": "2024-07-10T14:51:10.086+05:30",
    "UpdateDatetime": "2024-07-10T14:51:26.078+05:30"
  },
  {
    "_id": 15,
    "ImagePath": "vampireswerewolves.jpg",
    "IsReadOnly": true,
    "IsSoundsOn": true,
    "ShuffleSounds": false,
    "Code": "VampiresWerewolves",
    "DisplayName": "ВАМПИРЫ ПРОТИВ ОБОРОТНЕЙ",
    "Description": "Конфликт между двумя бессмертными расами вышел на новый уровень. Они не могут уничтожить друг друга, но могут обратить противника в себе подобного – после потери виртуальных очков здоровья игрок через некоторое время возрождается в команде соперника. Игра длится до того момента, пока все участники не окажутся в одной команде.",
    "LocalizationCode": "ru-Ru",
    "IsSystem": true,
    "CreateDatetime": "2024-07-10T14:51:10.26+05:30",
    "UpdateDatetime": "2024-07-10T14:51:26.078+05:30"
  },
  {
    "_id": 16,
    "ImagePath": "vampireswerewolves.jpg",
    "IsReadOnly": false,
    "IsSoundsOn": true,
    "ShuffleSounds": false,
    "Code": "VampiresWerewolves",
    "DisplayName": "ВАМПИРЫ ПРОТИВ ОБОРОТНЕЙ",
    "Description": "Конфликт между двумя бессмертными расами вышел на новый уровень. Они не могут уничтожить друг друга, но могут обратить противника в себе подобного – после потери виртуальных очков здоровья игрок через некоторое время возрождается в команде соперника. Игра длится до того момента, пока все участники не окажутся в одной команде.",
    "LocalizationCode": "ru-Ru",
    "IsSystem": true,
    "CreateDatetime": "2024-07-10T14:51:10.317+05:30",
    "UpdateDatetime": "2024-07-10T14:51:26.078+05:30"
  },
  {
    "_id": 17,
    "ImagePath": "standoff.jpg",
    "IsReadOnly": true,
    "IsSoundsOn": true,
    "ShuffleSounds": false,
    "Code": "StandoffSport",
    "DisplayName": "ПРОТИВОСТОЯНИЕ. СПОРТИВНЫЙ РЕЖИМ",
    "Description": "Игроки делятся на две команды. У них одинаковое оружие с идентичными тактико-техническими характеристиками. Таким образом, исход игры зависит только от мастерства участников. Бойцы расходятся по базам и стартуют по сигналу. Победителем признаётся команда, которая по окончании времени раунда набрала больше всех очков.",
    "LocalizationCode": "ru-Ru",
    "IsSystem": true,
    "CreateDatetime": "2024-07-10T14:51:10.391+05:30",
    "UpdateDatetime": "2024-07-10T14:51:26.078+05:30"
  },
  {
    "_id": 18,
    "ImagePath": "standoff.jpg",
    "IsReadOnly": false,
    "IsSoundsOn": true,
    "ShuffleSounds": false,
    "Code": "StandoffSport",
    "DisplayName": "ПРОТИВОСТОЯНИЕ. СПОРТИВНЫЙ РЕЖИМ",
    "Description": "Игроки делятся на две команды. У них одинаковое оружие с идентичными тактико-техническими характеристиками. Таким образом, исход игры зависит только от мастерства участников. Бойцы расходятся по базам и стартуют по сигналу. Победителем признаётся команда, которая по окончании времени раунда набрала больше всех очков.",
    "LocalizationCode": "ru-Ru",
    "IsSystem": true,
    "CreateDatetime": "2024-07-10T14:51:10.457+05:30",
    "UpdateDatetime": "2024-07-10T14:51:26.078+05:30"
  },
  {
    "_id": 19,
    "ImagePath": "hungergames.jpg",
    "IsReadOnly": true,
    "IsSoundsOn": true,
    "ShuffleSounds": false,
    "Code": "HungerGames",
    "DisplayName": "ГОЛОДНЫЕ ИГРЫ",
    "Description": "В центре полигона размещается импровизированный склад с разнообразными игровыми комплектами. Тагеры находятся в деактивированном состоянии. Участники располагаются на одинаковом расстоянии от склада. По сигналу они разбирают игровые комплекты и прячутся на территории полигона. Спустя установленное время комплекты активируются. Игра проходит в режиме «каждый сам за себя». Задача - выжить самому и уничтожить всех соперников за время раунда.",
    "LocalizationCode": "ru-Ru",
    "IsSystem": true,
    "CreateDatetime": "2024-07-10T14:51:10.531+05:30",
    "UpdateDatetime": "2024-07-10T14:51:26.079+05:30"
  },
  {
    "_id": 20,
    "ImagePath": "hungergames.jpg",
    "IsReadOnly": false,
    "IsSoundsOn": true,
    "ShuffleSounds": false,
    "Code": "HungerGames",
    "DisplayName": "ГОЛОДНЫЕ ИГРЫ",
    "Description": "В центре полигона размещается импровизированный склад с разнообразными игровыми комплектами. Тагеры находятся в деактивированном состоянии. Участники располагаются на одинаковом расстоянии от склада. По сигналу они разбирают игровые комплекты и прячутся на территории полигона. Спустя установленное время комплекты активируются. Игра проходит в режиме «каждый сам за себя». Задача - выжить самому и уничтожить всех соперников за время раунда.",
    "LocalizationCode": "ru-Ru",
    "IsSystem": true,
    "CreateDatetime": "2024-07-10T14:51:10.604+05:30",
    "UpdateDatetime": "2024-07-10T14:51:26.079+05:30"
  }
]