[
  {
    "_id": 1,
    "Scenario": {
      "$id": 1,
      "$ref": "ScenarioData"
    },
    "DisplayName": "КОМАНДНАЯ БИТВА",
    "Description": "Игроки делятся на две команды. Цель – за время раунда обнаружить и уничтожить отряд противника. Деактивированные игроки ожидают конца раунда в установленном месте, возрождения запрещены. Победителем признаётся команда, в которой по окончании времени раунда осталось больше «живых» игроков.",
    "LocalizationCode": "ru-RU",
    "CreateDatetime": "2024-07-10T14:51:23.949+05:30",
    "UpdateDatetime": "2024-07-10T14:55:48.472+05:30"
  },
  {
    "_id": 2,
    "Scenario": {
      "$id": 1,
      "$ref": "ScenarioData"
    },
    "DisplayName": "TEAM DEATHMATCH",
    "Description": "Earn points for you team killing other teams' members. Team with maximum rating win",
    "LocalizationCode": "en-US",
    "CreateDatetime": "2024-07-10T14:51:23.95+05:30",
    "UpdateDatetime": "2024-07-10T14:51:23.95+05:30"
  },
  {
    "_id": 3,
    "Scenario": {
      "$id": 2,
      "$ref": "ScenarioData"
    },
    "DisplayName": "КОМАНДНАЯ БИТВА",
    "Description": "Игроки делятся на две команды. Цель – за время раунда обнаружить и уничтожить отряд противника. Деактивированные игроки ожидают конца раунда в установленном месте, возрождения запрещены. Победителем признаётся команда, в которой по окончании времени раунда осталось больше «живых» игроков.",
    "LocalizationCode": "ru-RU",
    "CreateDatetime": "2024-07-10T14:51:24.085+05:30",
    "UpdateDatetime": "2024-07-10T14:55:48.497+05:30"
  },
  {
    "_id": 4,
    "Scenario": {
      "$id": 2,
      "$ref": "ScenarioData"
    },
    "DisplayName": "TEAM DEATHMATCH",
    "Description": "Earn points for you team killing other teams' members. Team with maximum rating win",
    "LocalizationCode": "en-US",
    "CreateDatetime": "2024-07-10T14:51:24.085+05:30",
    "UpdateDatetime": "2024-07-10T15:43:28.177+05:30"
  },
  {
    "_id": 5,
    "Scenario": {
      "$id": 3,
      "$ref": "ScenarioData"
    },
    "DisplayName": "ЗАХВАТ КОНТРОЛЬНОЙ ТОЧКИ",
    "Description": "Игроки делятся на команды. Задача - добраться до установленных на полигоне контрольных точек раньше соперника, захватить и удерживать их как можно дольше. По окончании раунда каждая точка начнёт мигать цветом команды, которая владела ею дольше других. Победителем признаётся команда, удерживавшая контрольные точки дольше соперника.",
    "LocalizationCode": "ru-RU",
    "CreateDatetime": "2024-07-10T14:51:24.215+05:30",
    "UpdateDatetime": "2024-07-10T14:55:48.497+05:30"
  },
  {
    "_id": 6,
    "Scenario": {
      "$id": 3,
      "$ref": "ScenarioData"
    },
    "DisplayName": "CONTROL POINTS CAPTURE",
    "Description": "Keep control of capture point as much as you can and earn a win to your team!",
    "LocalizationCode": "en-US",
    "CreateDatetime": "2024-07-10T14:51:24.215+05:30",
    "UpdateDatetime": "2024-07-10T14:51:24.215+05:30"
  },
  {
    "_id": 7,
    "Scenario": {
      "$id": 4,
      "$ref": "ScenarioData"
    },
    "DisplayName": "ЗАХВАТ КОНТРОЛЬНОЙ ТОЧКИ",
    "Description": "Игроки делятся на команды. Задача - добраться до установленных на полигоне контрольных точек раньше соперника, захватить и удерживать их как можно дольше. По окончании раунда каждая точка начнёт мигать цветом команды, которая владела ею дольше других. Победителем признаётся команда, удерживавшая контрольные точки дольше соперника.",
    "LocalizationCode": "ru-RU",
    "CreateDatetime": "2024-07-10T14:51:24.345+05:30",
    "UpdateDatetime": "2024-07-10T14:55:48.497+05:30"
  },
  {
    "_id": 8,
    "Scenario": {
      "$id": 4,
      "$ref": "ScenarioData"
    },
    "DisplayName": "CONTROL POINTS CAPTURE",
    "Description": "Keep control of capture point as much as you can and earn a win to your team!",
    "LocalizationCode": "en-US",
    "CreateDatetime": "2024-07-10T14:51:24.345+05:30",
    "UpdateDatetime": "2024-07-10T14:51:24.345+05:30"
  },
  {
    "_id": 9,
    "Scenario": {
      "$id": 5,
      "$ref": "ScenarioData"
    },
    "DisplayName": "КОРОЛЕВСКАЯ БИТВА",
    "Description": "Игроки начинают раунд без оружия - тагеры они должны найти на полигоне самостоятельно. Каждый сам за себя. Убитые игроки не возрождаются. С определённой периодичностью игровая зона уменьшается. Последний оставшийся в живых игрок становится победителем.",
    "LocalizationCode": "ru-RU",
    "CreateDatetime": "2024-07-10T14:51:24.47+05:30",
    "UpdateDatetime": "2024-07-10T14:55:48.497+05:30"
  },
  {
    "_id": 10,
    "Scenario": {
      "$id": 5,
      "$ref": "ScenarioData"
    },
    "DisplayName": "ROYAL BATTLE",
    "LocalizationCode": "en-US",
    "CreateDatetime": "2024-07-10T14:51:24.47+05:30",
    "UpdateDatetime": "2024-07-10T14:51:24.47+05:30"
  },
  {
    "_id": 11,
    "Scenario": {
      "$id": 6,
      "$ref": "ScenarioData"
    },
    "DisplayName": "КОРОЛЕВСКАЯ БИТВА",
    "Description": "Игроки начинают раунд без оружия - тагеры они должны найти на полигоне самостоятельно. Каждый сам за себя. Убитые игроки не возрождаются. С определённой периодичностью игровая зона уменьшается. Последний оставшийся в живых игрок становится победителем.",
    "LocalizationCode": "ru-RU",
    "CreateDatetime": "2024-07-10T14:51:24.593+05:30",
    "UpdateDatetime": "2024-07-10T14:55:48.497+05:30"
  },
  {
    "_id": 12,
    "Scenario": {
      "$id": 6,
      "$ref": "ScenarioData"
    },
    "DisplayName": "ROYAL BATTLE",
    "LocalizationCode": "en-US",
    "CreateDatetime": "2024-07-10T14:51:24.593+05:30",
    "UpdateDatetime": "2024-07-10T14:51:24.593+05:30"
  },
  {
    "_id": 13,
    "Scenario": {
      "$id": 7,
      "$ref": "ScenarioData"
    },
    "DisplayName": "ВОЙНА МИРОВ",
    "Description": "Четыре команды, четыре мира. Цель твоей команды – обнаружение и уничтожение противника. Победителем признаётся команда, которая по окончании времени раунда набрала больше всех очков.",
    "LocalizationCode": "ru-RU",
    "CreateDatetime": "2024-07-10T14:51:24.717+05:30",
    "UpdateDatetime": "2024-07-10T14:55:48.497+05:30"
  },
  {
    "_id": 14,
    "Scenario": {
      "$id": 7,
      "$ref": "ScenarioData"
    },
    "DisplayName": "WAR OF THE WORLDS",
    "LocalizationCode": "en-US",
    "CreateDatetime": "2024-07-10T14:51:24.717+05:30",
    "UpdateDatetime": "2024-07-10T14:51:24.717+05:30"
  },
  {
    "_id": 15,
    "Scenario": {
      "$id": 8,
      "$ref": "ScenarioData"
    },
    "DisplayName": "ВОЙНА МИРОВ",
    "Description": "Четыре команды, четыре мира. Цель твоей команды – обнаружение и уничтожение противника. Победителем признаётся команда, которая по окончании времени раунда набрала больше всех очков.",
    "LocalizationCode": "ru-RU",
    "CreateDatetime": "2024-07-10T14:51:24.833+05:30",
    "UpdateDatetime": "2024-07-10T14:55:48.497+05:30"
  },
  {
    "_id": 16,
    "Scenario": {
      "$id": 8,
      "$ref": "ScenarioData"
    },
    "DisplayName": "WAR OF THE WORLDS",
    "LocalizationCode": "en-US",
    "CreateDatetime": "2024-07-10T14:51:24.833+05:30",
    "UpdateDatetime": "2024-07-10T14:51:24.833+05:30"
  },
  {
    "_id": 17,
    "Scenario": {
      "$id": 9,
      "$ref": "ScenarioData"
    },
    "DisplayName": "ПОСЛЕДНИЙ ГЕРОЙ",
    "Description": "Игроки с деактивированными игровыми комплектами разбегаются по полигону. Спустя установленное время происходит активация тагеров. Игра проходит в режиме «каждый сам за себя». Победителем становится последний оставшийся в живых боец.",
    "LocalizationCode": "ru-RU",
    "CreateDatetime": "2024-07-10T14:51:24.948+05:30",
    "UpdateDatetime": "2024-07-10T14:55:48.497+05:30"
  },
  {
    "_id": 18,
    "Scenario": {
      "$id": 9,
      "$ref": "ScenarioData"
    },
    "DisplayName": "LAST HERO",
    "LocalizationCode": "en-US",
    "CreateDatetime": "2024-07-10T14:51:24.948+05:30",
    "UpdateDatetime": "2024-07-10T14:51:24.948+05:30"
  },
  {
    "_id": 19,
    "Scenario": {
      "$id": 10,
      "$ref": "ScenarioData"
    },
    "DisplayName": "ПОСЛЕДНИЙ ГЕРОЙ",
    "Description": "Игроки с деактивированными игровыми комплектами разбегаются по полигону. Спустя установленное время происходит активация тагеров. Игра проходит в режиме «каждый сам за себя». Победителем становится последний оставшийся в живых боец.",
    "LocalizationCode": "ru-RU",
    "CreateDatetime": "2024-07-10T14:51:25.058+05:30",
    "UpdateDatetime": "2024-07-10T14:55:48.497+05:30"
  },
  {
    "_id": 20,
    "Scenario": {
      "$id": 10,
      "$ref": "ScenarioData"
    },
    "DisplayName": "LAST HERO",
    "LocalizationCode": "en-US",
    "CreateDatetime": "2024-07-10T14:51:25.058+05:30",
    "UpdateDatetime": "2024-07-10T14:51:25.058+05:30"
  },
  {
    "_id": 21,
    "Scenario": {
      "$id": 11,
      "$ref": "ScenarioData"
    },
    "DisplayName": "ВАМПИРЫ ПРОТИВ ЗОМБИ",
    "Description": "Живые мертвецы и вурдалаки сошлись в битве за главенство над человечеством. Игроки делятся на две команды. Главная особенность сценария в том, что виртуально убитый игрок через некоторое время возрождается в команде соперника. Использование аптечек не предусмотрено. Игра длится до того момента, пока все участники не окажутся в одной команде.",
    "LocalizationCode": "ru-RU",
    "CreateDatetime": "2024-07-10T14:51:25.167+05:30",
    "UpdateDatetime": "2024-07-10T14:55:48.497+05:30"
  },
  {
    "_id": 22,
    "Scenario": {
      "$id": 11,
      "$ref": "ScenarioData"
    },
    "DisplayName": "VAMPIRES VS. ZOMBIES",
    "LocalizationCode": "en-US",
    "CreateDatetime": "2024-07-10T14:51:25.168+05:30",
    "UpdateDatetime": "2024-07-10T14:51:25.168+05:30"
  },
  {
    "_id": 23,
    "Scenario": {
      "$id": 12,
      "$ref": "ScenarioData"
    },
    "DisplayName": "ВАМПИРЫ ПРОТИВ ЗОМБИ",
    "Description": "Живые мертвецы и вурдалаки сошлись в битве за главенство над человечеством. Игроки делятся на две команды. Главная особенность сценария в том, что виртуально убитый игрок через некоторое время возрождается в команде соперника. Использование аптечек не предусмотрено. Игра длится до того момента, пока все участники не окажутся в одной команде.",
    "LocalizationCode": "ru-RU",
    "CreateDatetime": "2024-07-10T14:51:25.273+05:30",
    "UpdateDatetime": "2024-07-10T14:55:48.497+05:30"
  },
  {
    "_id": 24,
    "Scenario": {
      "$id": 12,
      "$ref": "ScenarioData"
    },
    "DisplayName": "VAMPIRES VS. ZOMBIES",
    "LocalizationCode": "en-US",
    "CreateDatetime": "2024-07-10T14:51:25.273+05:30",
    "UpdateDatetime": "2024-07-10T14:51:25.273+05:30"
  },
  {
    "_id": 25,
    "Scenario": {
      "$id": 15,
      "$ref": "ScenarioData"
    },
    "DisplayName": "ВАМПИРЫ ПРОТИВ ОБОРОТНЕЙ",
    "Description": "Конфликт между двумя бессмертными расами вышел на новый уровень. Они не могут уничтожить друг друга, но могут обратить противника в себе подобного – после потери виртуальных очков здоровья игрок через некоторое время возрождается в команде соперника. Игра длится до того момента, пока все участники не окажутся в одной команде.",
    "LocalizationCode": "ru-RU",
    "CreateDatetime": "2024-07-10T14:51:25.377+05:30",
    "UpdateDatetime": "2024-07-10T14:55:48.497+05:30"
  },
  {
    "_id": 26,
    "Scenario": {
      "$id": 15,
      "$ref": "ScenarioData"
    },
    "DisplayName": "VAMPIRES VS. WEREWOLVES",
    "LocalizationCode": "en-US",
    "CreateDatetime": "2024-07-10T14:51:25.377+05:30",
    "UpdateDatetime": "2024-07-10T14:51:25.377+05:30"
  },
  {
    "_id": 27,
    "Scenario": {
      "$id": 16,
      "$ref": "ScenarioData"
    },
    "DisplayName": "ВАМПИРЫ ПРОТИВ ОБОРОТНЕЙ",
    "Description": "Конфликт между двумя бессмертными расами вышел на новый уровень. Они не могут уничтожить друг друга, но могут обратить противника в себе подобного – после потери виртуальных очков здоровья игрок через некоторое время возрождается в команде соперника. Игра длится до того момента, пока все участники не окажутся в одной команде.",
    "LocalizationCode": "ru-RU",
    "CreateDatetime": "2024-07-10T14:51:25.479+05:30",
    "UpdateDatetime": "2024-07-10T14:55:48.497+05:30"
  },
  {
    "_id": 28,
    "Scenario": {
      "$id": 16,
      "$ref": "ScenarioData"
    },
    "DisplayName": "VAMPIRES VS. WEREWOLVES",
    "LocalizationCode": "en-US",
    "CreateDatetime": "2024-07-10T14:51:25.479+05:30",
    "UpdateDatetime": "2024-07-10T14:51:25.479+05:30"
  },
  {
    "_id": 29,
    "Scenario": {
      "$id": 17,
      "$ref": "ScenarioData"
    },
    "DisplayName": "ПРОТИВОСТОЯНИЕ. СПОРТИВНЫЙ РЕЖИМ",
    "Description": "Игроки делятся на две команды. У них одинаковое оружие с идентичными тактико-техническими характеристиками. Таким образом, исход игры зависит только от мастерства участников. Бойцы расходятся по базам и стартуют по сигналу. Победителем признаётся команда, которая по окончании времени раунда набрала больше всех очков.",
    "LocalizationCode": "ru-RU",
    "CreateDatetime": "2024-07-10T14:51:25.575+05:30",
    "UpdateDatetime": "2024-07-10T14:55:48.497+05:30"
  },
  {
    "_id": 30,
    "Scenario": {
      "$id": 17,
      "$ref": "ScenarioData"
    },
    "DisplayName": "STANDOFF - SPORTS MODE",
    "LocalizationCode": "en-US",
    "CreateDatetime": "2024-07-10T14:51:25.575+05:30",
    "UpdateDatetime": "2024-07-10T14:51:25.575+05:30"
  },
  {
    "_id": 31,
    "Scenario": {
      "$id": 18,
      "$ref": "ScenarioData"
    },
    "DisplayName": "ПРОТИВОСТОЯНИЕ. СПОРТИВНЫЙ РЕЖИМ",
    "Description": "Игроки делятся на две команды. У них одинаковое оружие с идентичными тактико-техническими характеристиками. Таким образом, исход игры зависит только от мастерства участников. Бойцы расходятся по базам и стартуют по сигналу. Победителем признаётся команда, которая по окончании времени раунда набрала больше всех очков.",
    "LocalizationCode": "ru-RU",
    "CreateDatetime": "2024-07-10T14:51:25.671+05:30",
    "UpdateDatetime": "2024-07-10T14:55:48.497+05:30"
  },
  {
    "_id": 32,
    "Scenario": {
      "$id": 18,
      "$ref": "ScenarioData"
    },
    "DisplayName": "STANDOFF - SPORTS MODE",
    "LocalizationCode": "en-US",
    "CreateDatetime": "2024-07-10T14:51:25.671+05:30",
    "UpdateDatetime": "2024-07-10T14:51:25.671+05:30"
  },
  {
    "_id": 33,
    "Scenario": {
      "$id": 19,
      "$ref": "ScenarioData"
    },
    "DisplayName": "ГОЛОДНЫЕ ИГРЫ",
    "Description": "В центре полигона размещается импровизированный склад с разнообразными игровыми комплектами. Тагеры находятся в деактивированном состоянии. Участники располагаются на одинаковом расстоянии от склада. По сигналу они разбирают игровые комплекты и прячутся на территории полигона. Спустя установленное время комплекты активируются. Игра проходит в режиме «каждый сам за себя». Задача - выжить самому и уничтожить всех соперников за время раунда.",
    "LocalizationCode": "ru-RU",
    "CreateDatetime": "2024-07-10T14:51:25.763+05:30",
    "UpdateDatetime": "2024-07-10T14:55:48.497+05:30"
  },
  {
    "_id": 34,
    "Scenario": {
      "$id": 19,
      "$ref": "ScenarioData"
    },
    "DisplayName": "HUNGER GAMES",
    "LocalizationCode": "en-US",
    "CreateDatetime": "2024-07-10T14:51:25.763+05:30",
    "UpdateDatetime": "2024-07-10T14:51:25.763+05:30"
  },
  {
    "_id": 35,
    "Scenario": {
      "$id": 20,
      "$ref": "ScenarioData"
    },
    "DisplayName": "ГОЛОДНЫЕ ИГРЫ",
    "Description": "В центре полигона размещается импровизированный склад с разнообразными игровыми комплектами. Тагеры находятся в деактивированном состоянии. Участники располагаются на одинаковом расстоянии от склада. По сигналу они разбирают игровые комплекты и прячутся на территории полигона. Спустя установленное время комплекты активируются. Игра проходит в режиме «каждый сам за себя». Задача - выжить самому и уничтожить всех соперников за время раунда.",
    "LocalizationCode": "ru-RU",
    "CreateDatetime": "2024-07-10T14:51:25.852+05:30",
    "UpdateDatetime": "2024-07-10T14:55:48.497+05:30"
  },
  {
    "_id": 36,
    "Scenario": {
      "$id": 20,
      "$ref": "ScenarioData"
    },
    "DisplayName": "HUNGER GAMES",
    "LocalizationCode": "en-US",
    "CreateDatetime": "2024-07-10T14:51:25.852+05:30",
    "UpdateDatetime": "2024-07-10T14:51:25.852+05:30"
  }
]